hud_property_id,hud_subsidy_id,nhpd_property_id,nhpd_subsidy_id,subsidy_status,subsidy_name,subsidy_subname,start_date,end_date,assisted_units,property_name,street_address,city,state,zip_code,longitude,latitude,owner_name,owner_type,manager_name,manager_type,x0_1_bedroom_units,two_bedroom_units,three_bedroom_units,target_population,earliest_construction_date,latest_construction_date,rent_to_fmr_ratio,known_total_units,renewal_type_name,inactive_status_description,construction_type,unpaid_principal_balance,renewal_name,renewal_id,soa_code,zip
NA,NCA0000X265,1180375,98fc541f-1446-ee11-80c8-005056ba3ab9,Active,LIHTC,NA,2022-01-01T00:00:00Z,2052-01-01T00:00:00Z,164,BROADSTONE WALK,950 S HUGHES ST,APEX,NC,27502,-78.873199,35.722999,NA,NA,NA,NA,0,0,0,Family,NA,NA,NA,164,NA,NA,New Construction,NA,NA,NA,NA,27502
NA,NCA0000X355,1180404,c60f5125-1446-ee11-80c8-005056ba3ab9,Active,LIHTC,NA,2022-01-01T00:00:00Z,2052-01-01T00:00:00Z,168,TRAILS AT TWIN LAKES APARTMENT HOMES,2822 ROSS RD,DURHAM,NC,27703,-78.845298,35.99224,NA,NA,NA,NA,0,0,0,Family,NA,NA,NA,168,NA,NA,New Construction,NA,NA,NA,NA,27703
NA,NCA0000X260,1180405,ce0f5125-1446-ee11-80c8-005056ba3ab9,Active,LIHTC,NA,2023-01-01T00:00:00Z,2053-01-01T00:00:00Z,51,ASHTON PLACE,310 JACKSON ST,DURHAM,NC,27701,-78.906089,35.995418,NA,NA,NA,NA,0,0,0,Elderly or disabled,NA,NA,NA,51,NA,NA,New Construction,NA,NA,NA,NA,27701
NA,NCA0000X288,1180406,d60f5125-1446-ee11-80c8-005056ba3ab9,Active,LIHTC,NA,2022-01-01T00:00:00Z,2052-01-01T00:00:00Z,72,ELIZABETH STREET APARTMENTS,544 LIBERTY ST,DURHAM,NC,27701,-78.892883,35.992729,NA,NA,NA,NA,0,0,0,Family,NA,NA,NA,72,NA,NA,New Construction,NA,NA,NA,NA,27701
NA,NCA0000X303,1180408,e60f5125-1446-ee11-80c8-005056ba3ab9,Active,LIHTC,NA,2023-01-01T00:00:00Z,2053-01-01T00:00:00Z,132,HARDEE STREET APARTMENTS,700 HARDEE ST,DURHAM,NC,27703,-78.866867,36.003398,NA,NA,NA,NA,0,0,0,Family,NA,NA,NA,132,NA,NA,New Construction,NA,NA,NA,NA,27703
NA,NCA2022024,1180423,52105125-1446-ee11-80c8-005056ba3ab9,Active,LIHTC,NA,2022-01-01T00:00:00Z,2052-01-01T00:00:00Z,72,RED OAK APARTMENTS,64 RED OAK RD ADJACENT,HENDERSON,NC,27537,-78.445518,36.338634,NA,NA,NA,NA,1,1,1,Family,NA,NA,NA,72,NA,NA,New Construction,NA,NA,NA,NA,27537
NA,NCA0000X333,1180425,5a105125-1446-ee11-80c8-005056ba3ab9,Active,LIHTC,NA,2023-01-01T00:00:00Z,2053-01-01T00:00:00Z,124,SPORTSMANSHIP CROSSING,1317 N MAIN ST,HOLLY SPRINGS,NC,27540,-78.834739,35.669891,NA,NA,NA,NA,0,0,0,Family,NA,NA,NA,124,NA,NA,New Construction,NA,NA,NA,NA,27540
NA,NCA2023015,1180432,92105125-1446-ee11-80c8-005056ba3ab9,Active,LIHTC,NA,2023-01-01T00:00:00Z,2053-01-01T00:00:00Z,60,THE HAVENS AT OXFORD,302 E INDUSTRY DR,OXFORD,NC,27565,-78.570602,36.355701,NA,NA,NA,NA,0,0,0,Elderly or disabled,NA,NA,NA,60,NA,NA,New Construction,NA,NA,NA,NA,27565
NA,NCA2022009,1180433,9e105125-1446-ee11-80c8-005056ba3ab9,Active,LIHTC,NA,2022-01-01T00:00:00Z,2052-01-01T00:00:00Z,68,BOOKER PARK SOUTH,1900 BOOKER DR,RALEIGH,NC,27610,-78.615921,35.785739,NA,NA,NA,NA,54,14,0,Elderly or disabled,NA,NA,NA,68,NA,NA,New Construction,NA,NA,NA,NA,27610
NA,NCA0000X317,1180434,a6105125-1446-ee11-80c8-005056ba3ab9,Active,LIHTC,NA,2022-01-01T00:00:00Z,2052-01-01T00:00:00Z,156,MILNER COMMONS,1950 NEW BERN AVE,RALEIGH,NC,27610,-78.608734,35.779449,NA,NA,NA,NA,0,0,0,Elderly or disabled,NA,NA,NA,156,NA,NA,New Construction,NA,NA,NA,NA,27610
NA,NCA0000X302,1180435,ae105125-1446-ee11-80c8-005056ba3ab9,Active,LIHTC,NA,2022-01-01T00:00:00Z,2052-01-01T00:00:00Z,56,HAMPTON SPRING,216 BUCK JONES RD,RALEIGH,NC,27606,-78.72499,35.782497,NA,NA,NA,NA,0,0,0,Elderly or disabled,NA,NA,NA,56,NA,NA,New Construction,NA,NA,NA,NA,27606
NA,NCA0000X330,1180436,b6105125-1446-ee11-80c8-005056ba3ab9,Active,LIHTC,NA,2022-01-01T00:00:00Z,2052-01-01T00:00:00Z,188,ROCK QUARRY LANDING,3501 ROCK QUARRY RD,RALEIGH,NC,27610,-78.589118,35.747608,NA,NA,NA,NA,0,0,0,Family,NA,NA,NA,188,NA,NA,New Construction,NA,NA,NA,NA,27610
NA,NCA0000X354,1180437,be105125-1446-ee11-80c8-005056ba3ab9,Active,LIHTC,NA,2023-01-01T00:00:00Z,2053-01-01T00:00:00Z,90,THRIVE AT RENAISSANCE,420 CHAPANOKE RD,RALEIGH,NC,27603,-78.652442,35.735942,NA,NA,NA,NA,0,0,0,Family,NA,NA,NA,90,NA,NA,New Construction,NA,NA,NA,NA,27603
NA,NCA0000X326,1180438,b13b472b-1446-ee11-80c8-005056ba3ab9,Active,LIHTC,NA,2022-01-01T00:00:00Z,2052-01-01T00:00:00Z,164,PRIMAVERA,5001 SPRING FOREST RD,RALEIGH,NC,27616,-78.556854,35.856193,NA,NA,NA,NA,0,0,0,Elderly or disabled,NA,NA,NA,164,NA,NA,New Construction,NA,NA,NA,NA,27616
NA,NCA0000X279,1180439,b93b472b-1446-ee11-80c8-005056ba3ab9,Active,LIHTC,NA,2022-01-01T00:00:00Z,2052-01-01T00:00:00Z,170,DEPARTURE LOFTS,5329 DEPARTURE DR,RALEIGH,NC,27616,-78.595893,35.855083,NA,NA,NA,NA,0,0,0,Family,NA,NA,NA,170,NA,NA,New Construction,NA,NA,NA,NA,27616
NA,NCA0000X261,1180440,c13b472b-1446-ee11-80c8-005056ba3ab9,Active,LIHTC,NA,2022-01-01T00:00:00Z,2052-01-01T00:00:00Z,84,ASPEN SPRING,5706 ROCK QUARRY RD,RALEIGH,NC,27610,-78.555839,35.729595,NA,NA,NA,NA,0,0,0,Elderly or disabled,NA,NA,NA,84,NA,NA,New Construction,NA,NA,NA,NA,27610
NA,NCA0000X331,1180442,c93b472b-1446-ee11-80c8-005056ba3ab9,Active,LIHTC,NA,2022-01-01T00:00:00Z,2052-01-01T00:00:00Z,84,SOMERSET PLACE APARTMENTS,141 SOMERSET CHURCH RD,ROXBORO,NC,27573,-78.981239,36.353355,NA,NA,NA,NA,0,0,0,Family,NA,NA,NA,84,NA,NA,New Construction,NA,NA,NA,NA,27573
NA,NCA2023013,1181102,51ca0e55-1446-ee11-80c8-005056ba3ab9,Active,LIHTC,NA,2023-01-01T00:00:00Z,2053-01-01T00:00:00Z,72,THE CARRINGTON,303 PONY RD,ZEBULON,NC,27597,-78.327751,35.819808,NA,NA,NA,NA,0,0,0,Elderly or disabled,NA,NA,NA,72,NA,NA,New Construction,NA,NA,NA,NA,27597
800012924,NCA0000X309,1064333,ad458c79-1546-ee11-80c8-005056ba3ab9,Active,LIHTC,NA,2023-01-01T00:00:00Z,2053-01-01T00:00:00Z,177,JFK TOWERS,4900 OLD FARM RD,DURHAM,NC,27704,-78.904747,36.064315,NA,NA,NA,NA,0,0,0,Elderly or disabled,NA,NA,NA,177,NA,NA,Acquisition and Rehab,NA,NA,NA,NA,27704
800012847,NCA0000X296,1063349,d5458c79-1546-ee11-80c8-005056ba3ab9,Active,LIHTC,NA,2022-01-01T00:00:00Z,2052-01-01T00:00:00Z,50,FRANKLIN COURT APARTMENTS,310 2ND AVE,LOUISBURG,NC,27549,-78.30413,36.101867,NA,NA,NA,NA,8,18,24,Family,NA,NA,NA,50,NA,NA,Acquisition and Rehab,NA,NA,NA,NA,27549
NA,NCA2003035,1124615,f5458c79-1546-ee11-80c8-005056ba3ab9,Active,LIHTC,9% Tax Credit,2003-01-01T00:00:00Z,2033-01-01T00:00:00Z,50,CHESTNUT HILLS,111 MILCHEST PL,RALEIGH,NC,27606,-78.727752,35.781963,CHESTNUT HILLS APTS LLC,NA,NA,NA,0,36,14,Family,NA,NA,NA,50,NA,NA,New Construction,NA,NA,NA,NA,27606
NA,NCA1995505,1119230,400b349c-c7ff-e611-8115-74d435edc0c2,Active,LIHTC,4% Tax Credit,1995-01-01T00:00:00Z,2025-01-01T00:00:00Z,24,QUANKEY HILLS APARTMENTS,161 E PITTSYLVANIA ST,HALIFAX,NC,27839,-77.586967,36.326801,QUANKEY HILLS LIMITED PARTNERSHIP,For Profit,NA,NA,22,2,NA,Elderly or disabled,NA,NA,NA,24,NA,NA,New Construction,36226,NA,NA,NA,27839
NA,NCA2021031,1173377,8bb21a9b-792d-ed11-8b14-005056ba3ab9,Active,LIHTC,9% Tax Credit,2021-01-01T00:00:00Z,2051-01-01T00:00:00Z,80,ST CHARLES PLACE APARTMENTS,120 CHARLES ROLLINS RD,HENDERSON,NC,27536,-78.454032,36.329914,NA,NA,NA,NA,12,44,24,Family,NA,NA,NA,80,NA,NA,New Construction,NA,NA,NA,NA,27536
NA,NCA2016032,1102661,f9ddc87a-3f90-e811-b0ec-005056ba3ab9,Active,LIHTC,9% Tax Credit,2016-01-01T00:00:00Z,2046-01-01T00:00:00Z,54,CAREY CHAPEL VILLAGE,15 ASHMONT LN,HENDERSON,NC,27537,-78.36589,36.315254,CAREY CHAPEL VILLAGE LLC,NA,NA,NA,0,0,54,Family,NA,NA,NA,54,NA,NA,New Construction,NA,NA,NA,NA,27537
NA,NCA2016993,1112774,ad09320a-4090-e811-b0ec-005056ba3ab9,Active,LIHTC,9% Tax Credit,2016-01-01T00:00:00Z,2046-01-01T00:00:00Z,44,THE WICKFORD APARTMENTS,250 S BECKFORD DR,HENDERSON,NC,27536,-78.416046,36.337482,WICKFORD APTS NC LLC,NA,NA,NA,18,18,8,Family,NA,NA,NA,44,NA,NA,Acquisition and Rehab,NA,NA,NA,NA,27536
NA,NCA1992370,1122327,1ce6834e-c7ff-e611-8115-74d435edc0c2,Inconclusive,LIHTC,4% Tax Credit,1992-01-01T00:00:00Z,2022-01-01T00:00:00Z,31,MARIA PARHAM APARTMENTS,406 S CHESTNUT ST,HENDERSON,NC,27536,-78.406822,36.327529,PARHAM LIMITED PARTNERSHIP,For Profit,NA,NA,30,1,NA,Elderly or disabled,NA,NA,NA,31,NA,End Date Passed,Acquisition and Rehab,48222,NA,NA,NA,27536
NA,NCA1993160,1063658,abf97c54-c7ff-e611-8115-74d435edc0c2,Inconclusive,LIHTC,4% Tax Credit,1993-01-01T00:00:00Z,2023-01-01T00:00:00Z,38,COURTYARD APARTMENTS II,600 S COOPER DR,HENDERSON,NC,27536,-78.438323,36.331024,LEI SOUTH COOPER LTD PARTNERSHIP,For Profit,NA,NA,37,1,NA,Elderly or disabled,NA,NA,NA,38,NA,End Date Passed,New Construction,53994,NA,NA,NA,27536
800013349,NCA2007140,1017475,f6ffadeb-e1dc-ea11-8ab3-005056ba3ab9,Active,LIHTC,4% Tax Credit,2007-01-01T00:00:00Z,2037-01-01T00:00:00Z,50,SPRINGWOOD APARTMENTS,605 HIGH ST,HENDERSON,NC,27536,-78.417716,36.32999,SPRINGWOOD APTS LLC,NA,NA,NA,0,20,30,Mixed,NA,NA,NA,50,NA,NA,Acquisition and Rehab,NA,NA,NA,NA,27536
NA,NCA1993055,1063640,57f97c54-c7ff-e611-8115-74d435edc0c2,Inconclusive,LIHTC,9% Tax Credit,1993-01-01T00:00:00Z,2023-01-01T00:00:00Z,2,691 & 693 BODDIE ST APARTMENTS,691 BODDIE ST,HENDERSON,NC,27536,-78.388183,36.33271,ROGERS GROUP INC,For Profit,NA,NA,NA,2,NA,NA,NA,NA,NA,2,NA,End Date Passed,New Construction,6061,NA,NA,NA,27536
NA,NCA20171011,1102658,faffadeb-e1dc-ea11-8ab3-005056ba3ab9,Active,LIHTC,9% Tax Credit,2017-01-01T00:00:00Z,2047-01-01T00:00:00Z,56,GARDEN GATE VILLAS,700 VICKSBORO RD,HENDERSON,NC,27537,-78.367248,36.315055,GARDEN GATE VILLAS LLC,NA,NA,NA,28,28,0,Elderly or disabled,NA,NA,NA,56,NA,NA,New Construction,NA,NA,NA,NA,27537
NA,NCA19949073,1106459,dac77d43-b1f0-e711-81d0-005056ba3ab9,Active,LIHTC,9% Tax Credit,1994-01-01T00:00:00Z,2024-01-01T00:00:00Z,50,MAPLE RIDGE APARTMENTS,100 GUERIN ST,HOLLY SPRINGS,NC,27540,-78.822738,35.651599,HALLMARK MAPLE RIDGE LLC,NA,NA,NA,0,30,20,Family,NA,NA,NA,50,NA,NA,New Construction,NA,NA,NA,NA,27540
NA,NCA19969103,1106497,e2c77d43-b1f0-e711-81d0-005056ba3ab9,Active,LIHTC,9% Tax Credit,1996-01-01T00:00:00Z,2026-01-01T00:00:00Z,45,MAPLE RIDGE APARTMENTS PHII,119 VERDOUCQ DR,HOLLY SPRINGS,NC,27540,-78.837997,35.646499,HALLMARK MAPLE RIDGE LLC,NA,NA,NA,0,27,18,Family,NA,NA,NA,45,NA,NA,New Construction,NA,NA,NA,NA,27540
NA,NCA2015013,1065303,b109320a-4090-e811-b0ec-005056ba3ab9,Active,LIHTC,9% Tax Credit,2015-01-01T00:00:00Z,2045-01-01T00:00:00Z,64,HOLLY WOODS AT SUNSET LAKE,2000 REEF CT,HOLLY SPRINGS,NC,27540,-78.796684,35.662853,HOLLY WOODS AT SUNSET LLC,NA,NA,NA,8,32,24,Family,NA,NA,NA,64,NA,NA,New Construction,NA,NA,NA,NA,27540
NA,NCA1998155,1064211,b7ed6766-c7ff-e611-8115-74d435edc0c2,Active,LIHTC,9% Tax Credit,1998-01-01T00:00:00Z,2028-01-01T00:00:00Z,72,WEST HAVEN APARTMENTS,100 PEACE HAVEN PL,APEX,NC,27502,-78.873199,35.722999,FEDERAL HOME APEX LLC,For Profit,NA,NA,NA,48,24,Family,NA,NA,NA,72,NA,NA,New Construction,358468,NA,NA,NA,27502
NA,NCA19979032,1064159,c111c8d7-b0f0-e711-81d0-005056ba3ab9,Active,LIHTC,9% Tax Credit,1997-01-01T00:00:00Z,2027-01-01T00:00:00Z,72,BEECHRIDGE APARTMENTS,610 UPCHURCH ST,APEX,NC,27502,-78.860076,35.728355,BEECHRIDGE LIMITED PARTNERSHIP,NA,NA,NA,0,52,20,Family,NA,NA,NA,72,NA,NA,New Construction,NA,NA,NA,NA,27502
NA,NCA2000030,1064159,e003a9b2-3cc8-e911-a021-005056ba3ab9,Active,LIHTC,9% Tax Credit,2000-01-01T00:00:00Z,2030-01-01T00:00:00Z,32,BEECHRIDGE APARTMENTS II,610 UPCHURCH ST,APEX,NC,27502,-78.860076,35.728355,BEECHRIDGE II LLC,NA,NA,NA,0,24,8,Family,NA,NA,NA,32,NA,NA,New Construction,NA,NA,NA,NA,27502
NA,NCA1997260,1064171,3200aeeb-e1dc-ea11-8ab3-005056ba3ab9,Active,LIHTC,9% Tax Credit,1997-01-01T00:00:00Z,2027-01-01T00:00:00Z,50,PARK PLACE APARTMENTS PHASE I,107 LUXURY LN,KNIGHTDALE,NC,27545,-78.488327,35.79338,HALLMARK PARK PLACE NC LLC,NA,NA,NA,0,30,20,Family,NA,NA,NA,50,NA,NA,New Construction,NA,NA,NA,NA,27545
NA,NCA1999085,1064171,cfec6766-c7ff-e611-8115-74d435edc0c2,Active,LIHTC,9% Tax Credit,1999-01-01T00:00:00Z,2029-01-01T00:00:00Z,50,PARK PLACE APARTMENTS PHASE II,107 LUXURY LN,KNIGHTDALE,NC,27545,-78.488327,35.79338,HALLMARK PARK PLACE NC LLC,For Profit,NA,NA,NA,30,20,Family,NA,NA,NA,50,NA,NA,New Construction,243056,NA,NA,NA,27545
NA,NCA2011080,1065323,644b89d0-3cc8-e911-a021-005056ba3ab9,Active,LIHTC,9% Tax Credit,2011-01-01T00:00:00Z,2041-01-01T00:00:00Z,76,MINGO VILLAGE APARTMENTS,2371 FEDERER DR,KNIGHTDALE,NC,27545,-78.522964,35.774524,MINGO CREEK HOUSING ASSOCIATES LLC,NA,NA,NA,12,36,28,Family,NA,NA,NA,76,NA,NA,New Construction,NA,NA,NA,NA,27545
NA,NCA1996545,1120570,84577de9-e0fa-eb11-83c6-005056ba3ab9,Active,LIHTC,9% Tax Credit,1996-01-01T00:00:00Z,2026-01-01T00:00:00Z,24,MOSBY FOREST APARTMENTS,129 MOSBY FOREST LN,LITTLETON,NC,27850,-77.922004,36.43761,MOSBY FOREST LIMITED PARTNERSHIP,NA,NA,NA,6,18,0,Family,NA,NA,NA,24,NA,NA,New Construction,NA,NA,NA,NA,27850
NA,NCA2001105,1120570,73057a21-e2dc-ea11-8ab3-005056ba3ab9,Active,LIHTC,9% Tax Credit,2001-01-01T00:00:00Z,2031-01-01T00:00:00Z,24,LITTLETON ELDERLY APARTMENTS,129 MOSBY FOREST LN,LITTLETON,NC,27850,-77.922004,36.43761,LITTLETON ESTATES LIMITED PARTNERSHIP,NA,NA,NA,22,2,0,Elderly or disabled,NA,NA,NA,24,NA,NA,New Construction,NA,NA,NA,NA,27850
NA,NCA19929266,1117253,77057a21-e2dc-ea11-8ab3-005056ba3ab9,Inconclusive,LIHTC,4% Tax Credit,1992-01-01T00:00:00Z,2022-01-01T00:00:00Z,24,OAKLAND VILLAGE APARTMENTS,215 OAK ST EXTENSION,LITTLETON,NC,27850,-77.918594,36.436439,NEW OAKLAND VILLAGE APTS LLC,NA,NA,NA,23,1,0,Elderly or disabled,NA,NA,NA,24,NA,End Date Passed,Acquisition and Rehab,NA,NA,NA,NA,27850
NA,NCA2007175,1106376,cb45e45a-d768-e711-806a-005056ba3ab9,Active,LIHTC,9% Tax Credit,2007-01-01T00:00:00Z,2037-01-01T00:00:00Z,80,WAKEFIELD HILLS APARTMENTS,10702 OLIVER RD,RALEIGH,NC,27614,-78.546974,35.942272,WAKEFIELD AFFORDABLE HOUSING LLC,NA,NA,NA,0,60,20,Mixed,NA,NA,NA,80,NA,NA,New Construction,NA,NA,NA,NA,27614
NA,NCA20171033,1102010,f5356d27-e2dc-ea11-8ab3-005056ba3ab9,Active,LIHTC,9% Tax Credit,2017-01-01T00:00:00Z,2047-01-01T00:00:00Z,80,WAKEFIELD COMMONS,10821 ALTO LN,RALEIGH,NC,27614,-78.544403,35.937599,WAKEFIELD COMMONS LLC,NA,NA,NA,0,56,24,Family,NA,NA,NA,80,NA,NA,New Construction,NA,NA,NA,NA,27614
NA,NCA2022006,1172842,2455e9ca-792d-ed11-8b14-005056ba3ab9,Active,LIHTC,4% Tax Credit,2022-01-01T00:00:00Z,2052-01-01T00:00:00Z,200,TOULON PLACE,1248 ANGELUS DR,RALEIGH,NC,27610,-78.631034,35.764911,NA,NA,NA,NA,0,0,0,Family,NA,NA,NA,200,NA,NA,New Construction,NA,NA,NA,NA,27610
NA,NCA1996585,1108126,bb9b0945-d968-e711-806a-005056ba3ab9,Active,LIHTC,4% Tax Credit,1996-01-01T00:00:00Z,2026-01-01T00:00:00Z,32,SHAMMAH WINDS APARTMENTS,1407 SAWYER RD,RALEIGH,NC,27610,-78.629798,35.763317,MT PLEASANT VENTURES LIMITED PARTNERSHIP,NA,NA,NA,0,32,0,Family,NA,NA,NA,32,NA,NA,Acquisition and Rehab,NA,NA,NA,NA,27610
NA,NCA2022004,1172843,2c55e9ca-792d-ed11-8b14-005056ba3ab9,Active,LIHTC,4% Tax Credit,2022-01-01T00:00:00Z,2052-01-01T00:00:00Z,154,THE SUMMIT AT SAWYER,1451 SAWYER RD,RALEIGH,NC,27610,-78.629928,35.76147,NA,NA,NA,NA,0,0,0,Family,NA,NA,NA,154,NA,NA,New Construction,NA,NA,NA,NA,27610
800247117,NCA0000X151,1161660,5375cb20-dffa-eb11-83c6-005056ba3ab9,Active,LIHTC,4% Tax Credit,2019-01-01T00:00:00Z,2049-01-01T00:00:00Z,229,RALEIGH NORTH MILLBANK COURT APARTMENTS,1540 N RALEIGH BLVD,RALEIGH,NC,27610,-78.610435,35.796936,STEELE RALEIGH MILLBANK LLC,NA,NA,NA,0,117,113,Family,NA,NA,NA,230,NA,NA,Acquisition and Rehab,NA,NA,NA,NA,27610
800243372,NCA2002185,1107034,a09d1c26-d868-e711-806a-005056ba3ab9,Active,LIHTC,4% Tax Credit,2002-01-01T00:00:00Z,2032-01-01T00:00:00Z,180,WALNUT RIDGE,1611 ROYAL FOXHOUND LN,RALEIGH,NC,27610,-78.58683,35.755012,UNKNOWN,NA,NA,NA,0,96,84,Family,NA,NA,NA,180,NA,NA,New Construction,NA,NA,NA,NA,27610
800243372,NCA0000X210,1107034,fb877def-e0fa-eb11-83c6-005056ba3ab9,Active,LIHTC,4% Tax Credit,2020-01-01T00:00:00Z,2050-01-01T00:00:00Z,180,WALNUT TRACE,1800 ROCK QUARRY RD,RALEIGH,NC,27610,-78.612625,35.754913,NA,NA,NA,NA,6,107,67,Family,NA,NA,NA,180,NA,NA,New Construction,NA,NA,NA,NA,27610
NA,NCA1999070,1064227,75c75f6c-c7ff-e611-8115-74d435edc0c2,Active,LIHTC,9% Tax Credit,1999-01-01T00:00:00Z,2029-01-01T00:00:00Z,33,MEADOW SPRING APARTMENTS,190 FIELDSPRING LN,RALEIGH,NC,27606,-78.723587,35.78223,MEADOW SPRING HOUSING ASSOCIATES LLC,For Profit,NA,NA,31,2,NA,Elderly or disabled,NA,NA,NA,33,NA,NA,New Construction,155389,NA,NA,NA,27606
NA,NCA2018039,1103323,fd356d27-e2dc-ea11-8ab3-005056ba3ab9,Active,LIHTC,4% Tax Credit,2018-01-01T00:00:00Z,2048-01-01T00:00:00Z,162,THE VILLAGE AT WASHINGTON TERRACE,1951 BOOKER DR,RALEIGH,NC,27610,-78.615608,35.78606,WASHINGTON TERRACE AFFORDABLE HOUSING LLC,NA,NA,NA,54,78,30,Family,NA,NA,NA,162,NA,NA,New Construction,NA,NA,NA,NA,27610
NA,NCA2020013,1161661,5f75cb20-dffa-eb11-83c6-005056ba3ab9,Active,LIHTC,4% Tax Credit,2020-01-01T00:00:00Z,2050-01-01T00:00:00Z,120,BEACON RIDGE,2003 STATE ST,RALEIGH,NC,27610,-78.622978,35.756622,NA,NA,NA,NA,20,72,28,Family,NA,NA,NA,120,NA,NA,New Construction,NA,NA,NA,NA,27610
NA,NCA2004095,1064880,26e3f4d1-c7ff-e611-8115-74d435edc0c2,Active,LIHTC,9% Tax Credit,2004-01-01T00:00:00Z,2034-01-01T00:00:00Z,50,HODGES CREEK APARTMENTS,2020 HODGES CREEK DR,RALEIGH,NC,27609,-78.605003,35.853866,HODGES CREEK APTS LLC,For Profit,NA,NA,NA,36,14,Family,NA,NA,NA,50,NA,NA,New Construction,319096,NA,NA,NA,27609
NA,NCA1996405,1106701,99945fde-d768-e711-806a-005056ba3ab9,Active,LIHTC,9% Tax Credit,1996-01-01T00:00:00Z,2026-01-01T00:00:00Z,50,BILTMORE HILLS APARTMENTS,2227 B GARNER RD,RALEIGH,NC,27610,-78.631713,35.748676,BILTMORE HILLS LIMITED PARTNERSHIP,NA,NA,NA,0,22,28,Family,NA,NA,NA,50,NA,NA,Acquisition and Rehab,NA,NA,NA,NA,27610
NA,NCA1998105,1108511,7d44cd7a-d968-e711-806a-005056ba3ab9,Active,LIHTC,9% Tax Credit,1998-01-01T00:00:00Z,2028-01-01T00:00:00Z,50,MILBURNIE ROAD APARTMENTS,2319 MILBURNIE RD,RALEIGH,NC,27610,-78.605209,35.789585,MILBURNIE APTS LIMITED PARTNERSHIP,NA,NA,NA,0,36,14,Family,NA,NA,NA,50,NA,NA,New Construction,NA,NA,NA,NA,27610
NA,NCA1997235,1064169,c3ec6766-c7ff-e611-8115-74d435edc0c2,Active,LIHTC,9% Tax Credit,1997-01-01T00:00:00Z,2027-01-01T00:00:00Z,24,MARSH CREEK APARTMENTS,2400 BRENTWOOD DR,RALEIGH,NC,27604,-78.593925,35.810081,PINE KNOLL LIMITED PARTNERSHIP,For Profit,NA,NA,6,12,6,Family,NA,NA,NA,24,NA,NA,New Construction,116440,NA,NA,NA,27604
NA,NCA2006025,1106749,be325ae4-d768-e711-806a-005056ba3ab9,Active,LIHTC,9% Tax Credit,2006-01-01T00:00:00Z,2036-01-01T00:00:00Z,34,AUTUMN TRACE APARTMENTS,2401 FALL LN,RALEIGH,NC,27604,-78.577789,35.812202,AUTUMN TRACE HOUSING ASSOCIATES LLC,NA,NA,NA,4,17,13,Mixed,NA,NA,NA,34,NA,NA,New Construction,NA,NA,NA,NA,27604
800012764,NCA2002020,1063095,97e5cc3f-e268-e711-806a-005056ba3ab9,Active,LIHTC,4% Tax Credit,2002-01-01T00:00:00Z,2032-01-01T00:00:00Z,81,CEDARMOOR,2448 MELVID CT,RALEIGH,NC,27610,-78.606208,35.772037,CM RALEIGH LIMITED PARTNERSHIP,NA,NA,NA,0,45,36,Family,NA,NA,NA,81,NA,NA,Acquisition and Rehab,NA,NA,NA,NA,27610
NA,NCA1992510,1064851,9ee2f4d1-c7ff-e611-8115-74d435edc0c2,Inconclusive,LIHTC,9% Tax Credit,1992-01-01T00:00:00Z,2022-01-01T00:00:00Z,48,TRYON GROVE APARTMENTS,2508 TRYON GROVE DR,RALEIGH,NC,27603,-78.689498,35.744533,TRYON GROVE LIMITED PARTNERSHIP,For Profit,NA,NA,NA,36,12,Family,NA,NA,NA,48,NA,End Date Passed,New Construction,185541,NA,NA,NA,27603
NA,NCA20039020,1063946,1d60bfe9-b0f0-e711-81d0-005056ba3ab9,Active,LIHTC,9% Tax Credit,2003-01-01T00:00:00Z,2033-01-01T00:00:00Z,36,LENNOX CHASE,2534 LAKE WHEELER RD,RALEIGH,NC,27603,-78.677116,35.745819,LENNOX CHASE DEVELOPMENT LLC,NA,NA,NA,36,1,0,Family,NA,NA,NA,37,NA,NA,New Construction,NA,NA,NA,NA,27603
800241040,NCA20171031,1004926,01366d27-e2dc-ea11-8ab3-005056ba3ab9,Active,LIHTC,4% Tax Credit,2017-01-01T00:00:00Z,2047-01-01T00:00:00Z,198,THE BLUFFS AT WALNUT CREEK,2540 BLUFFS VIEW DR,RALEIGH,NC,27610,-78.566223,35.749423,PEDCOR INVESTMENTS-2013-CXXXIX LP,NA,NA,NA,48,108,42,Family,NA,NA,NA,198,NA,NA,New Construction,NA,NA,NA,NA,27610
800238495,NCA19969110,1064080,2160bfe9-b0f0-e711-81d0-005056ba3ab9,Active,LIHTC,9% Tax Credit,1996-01-01T00:00:00Z,2026-01-01T00:00:00Z,176,RIVER BIRCH APARTMENTS,2611 TORQUAY CROSSING,RALEIGH,NC,27616,-78.593208,35.865867,DEVONSHIRE LP,NA,NA,NA,40,96,40,Family,NA,NA,NA,176,NA,NA,New Construction,NA,NA,NA,NA,27616
NA,NCA2016059,1102012,9ddec87a-3f90-e811-b0ec-005056ba3ab9,Active,LIHTC,9% Tax Credit,2016-01-01T00:00:00Z,2046-01-01T00:00:00Z,80,WAKEFIELD SPRING,2701 WAKEFIELD PINES DR,RALEIGH,NC,27614,-78.561683,35.944782,WAKEFIELD SPRING HOUSING ASSOCIATES LLC,NA,NA,NA,40,40,0,Elderly or disabled,NA,NA,NA,80,NA,NA,New Construction,NA,NA,NA,NA,27614
NA,NCA1997200,1064163,93ec6766-c7ff-e611-8115-74d435edc0c2,Active,LIHTC,9% Tax Credit,1997-01-01T00:00:00Z,2027-01-01T00:00:00Z,33,GARDEN SPRING APARTMENTS,2830 KIDD RD,RALEIGH,NC,27610,-78.588874,35.777946,GARDEN SPRING HOUSING ASSOCIATES LLC,For Profit,NA,NA,31,2,NA,Elderly or disabled,NA,NA,NA,33,NA,NA,New Construction,148956,NA,NA,NA,27610
NA,NCA2005065,1064037,a8cd5772-c7ff-e611-8115-74d435edc0c2,Active,LIHTC,9% Tax Credit,2005-01-01T00:00:00Z,2035-01-01T00:00:00Z,48,ELDERS PEAK APARTMENTS,2917 CREECH RD,RALEIGH,NC,27610,-78.606819,35.738655,ELDERS PEAK LLC,For Profit,NA,NA,32,16,NA,Elderly or disabled,NA,NA,NA,48,NA,NA,New Construction,284466,NA,NA,NA,27610
NA,NCA2007180,1064126,9c455078-c7ff-e611-8115-74d435edc0c2,Active,LIHTC,9% Tax Credit,2007-01-01T00:00:00Z,2037-01-01T00:00:00Z,64,WATERBROOK APARTMENTS,311 STONEY MOSS DR,RALEIGH,NC,27609,-78.58094,35.776271,WATERBROOK APTS LLC,For Profit,NA,NA,38,26,NA,Elderly or disabled,NA,NA,NA,64,NA,NA,New Construction,441909,NA,NA,NA,27609
NA,NCA20171004,1102018,09366d27-e2dc-ea11-8ab3-005056ba3ab9,Active,LIHTC,9% Tax Credit,2017-01-01T00:00:00Z,2047-01-01T00:00:00Z,88,BRIGHTON POINTE II,3140 LELAND DR,RALEIGH,NC,27616,-78.509414,35.891666,BRIGHTON POINTE II LP,NA,NA,NA,44,44,0,Elderly or disabled,NA,NA,NA,88,NA,NA,New Construction,NA,NA,NA,NA,27616
800245604,NCA0000X069,1022631,e158ed5c-3f90-e811-b0ec-005056ba3ab9,Active,LIHTC,4% Tax Credit,2018-01-01T00:00:00Z,2048-01-01T00:00:00Z,180,SUNNYBROOK POINTE,3301 SUNGROVE LN,RALEIGH,NC,27610,-78.571899,35.7583,SUNNYBROOK POINTE PARTNERS LP,NA,NA,NA,6,108,66,Family,NA,NA,NA,180,NA,NA,New Construction,NA,NA,NA,NA,27610
NA,NCA1994535,1107105,2d5f1e2c-d868-e711-806a-005056ba3ab9,Active,LIHTC,9% Tax Credit,1994-01-01T00:00:00Z,2024-01-01T00:00:00Z,36,WALNUT WOODS APARTMENTS,3417 E MIDDLE BRANCH RD,RALEIGH,NC,27610,-78.581779,35.765312,PHP WALNUT WOODS LLC,NA,NA,NA,0,33,3,Family,NA,NA,NA,36,NA,NA,New Construction,NA,NA,NA,NA,27610
NA,NCA1995315,1108369,c5efe962-d968-e711-806a-005056ba3ab9,Active,LIHTC,9% Tax Credit,1995-01-01T00:00:00Z,2025-01-01T00:00:00Z,48,EAST HAVEN APARTMENTS,3930 DOWLING HAVEN PL,RALEIGH,NC,27610,-78.572563,35.762672,EAST HAVEN HARMONY HOUSING LLC,NA,NA,NA,0,32,16,Family,NA,NA,NA,48,NA,NA,New Construction,NA,NA,NA,NA,27610
800013195,NCA2019059,1063190,0b887def-e0fa-eb11-83c6-005056ba3ab9,Active,LIHTC,4% Tax Credit,2019-01-01T00:00:00Z,2049-01-01T00:00:00Z,160,SIR WALTER APARTMENTS,400 FAYETTEVILLE ST,RALEIGH,NC,27601,-78.639556,35.775592,NA,NA,NA,NA,152,9,0,Elderly or disabled,NA,NA,NA,161,NA,NA,Acquisition and Rehab,NA,NA,NA,NA,27601
NA,NCA2007155,1064122,84455078-c7ff-e611-8115-74d435edc0c2,Active,LIHTC,9% Tax Credit,2007-01-01T00:00:00Z,2037-01-01T00:00:00Z,48,TERRACE SPRING,4000 ST JAMES CHURCH RD,RALEIGH,NC,27604,-78.57093,35.8353,TERRACE SPRING HOUSING ASSOCIATES LLC,For Profit,NA,NA,24,24,NA,Elderly or disabled,NA,NA,NA,48,NA,NA,New Construction,322905,NA,NA,NA,27604
800220598,NCA19939117,1063652,0f887def-e0fa-eb11-83c6-005056ba3ab9,Inconclusive,LIHTC,4% Tax Credit,1993-01-01T00:00:00Z,2023-01-01T00:00:00Z,297,CAPITAL TOWERS,4808 4812 SIX FORKS RD,RALEIGH,NC,27609,-78.627899,35.861698,NA,NA,NA,NA,298,0,0,Elderly or disabled,NA,NA,NA,298,NA,End Date Passed,Acquisition and Rehab,NA,NA,NA,NA,27609
800240560,NCA2015045,1065054,e509320a-4090-e811-b0ec-005056ba3ab9,Active,LIHTC,9% Tax Credit,2015-01-01T00:00:00Z,2045-01-01T00:00:00Z,116,CALVARY TRACE,4891 MILLSVIEW CT,RALEIGH,NC,27604,-78.585968,35.844551,CALVARY TRACE LLC,NA,NA,NA,0,72,20,Family,NA,NA,NA,116,NA,NA,New Construction,NA,NA,NA,NA,27604
800210498,NCA2000070,1107635,78e2cb7f-d868-e711-806a-005056ba3ab9,Active,LIHTC,4% Tax Credit,2000-01-01T00:00:00Z,2030-01-01T00:00:00Z,192,CHANDLER RIDGE APARTMENTS,4900 CHANDLER RIDGE CIR,RALEIGH,NC,27603,-78.707977,35.650756,CHANDLER RIDGE LIMITED PARTNERSHIP,NA,NA,NA,16,152,60,Family,NA,NA,NA,228,NA,NA,New Construction,NA,NA,NA,NA,27603
NA,NCA0000X006,1103335,a1ebb092-3f90-e811-b0ec-005056ba3ab9,Active,LIHTC,9% Tax Credit,2018-01-01T00:00:00Z,2048-01-01T00:00:00Z,42,AMBER SPRING,5000 SPRING FOREST RD,RALEIGH,NC,27616,-78.557136,35.855865,AMBER SPRING HOUSING ASSOCIATES LLC,NA,NA,NA,21,21,0,Elderly or disabled,NA,NA,NA,42,NA,NA,New Construction,NA,NA,NA,NA,27616
NA,NCA1993090,1107535,1169de6d-d868-e711-806a-005056ba3ab9,Inconclusive,LIHTC,9% Tax Credit,1993-01-01T00:00:00Z,2023-01-01T00:00:00Z,44,AVONLEA APARTMENTS,5005 CAPE BRETON DR,RALEIGH,NC,27616,-78.576332,35.854827,AVONLEA HOUSING LLC,NA,NA,NA,0,36,8,Family,NA,NA,NA,44,NA,End Date Passed,New Construction,NA,NA,NA,NA,27616
NA,NCA0000X014,1103323,71ebb092-3f90-e811-b0ec-005056ba3ab9,Active,LIHTC,9% Tax Credit,2018-01-01T00:00:00Z,2048-01-01T00:00:00Z,72,BOOKER PARK NORTH,501 SUNGLOW LN,RALEIGH,NC,27610,-78.571899,35.7583,BOOKER PARK NORTH LLC,NA,NA,NA,58,14,0,Elderly or disabled,NA,NA,NA,72,NA,NA,New Construction,NA,NA,NA,NA,27610
NA,NCA2003005,1064255,9f80b26f-e268-e711-806a-005056ba3ab9,Active,LIHTC,9% Tax Credit,2003-01-01T00:00:00Z,2033-01-01T00:00:00Z,36,BERKELEY SPRING APARTMENTS,5521 DIXON DR,RALEIGH,NC,27609,-78.648696,35.859493,BERKELEY SPRING HOUSING ASSOCIATES LLC,NA,NA,NA,28,8,0,Elderly or disabled,NA,NA,NA,36,NA,NA,New Construction,NA,NA,NA,NA,27609
NA,NCA2000250,1064870,f6e2f4d1-c7ff-e611-8115-74d435edc0c2,Active,LIHTC,9% Tax Credit,2000-01-01T00:00:00Z,2030-01-01T00:00:00Z,48,TRINITY RIDGE APARTMENTS,5620 TRINITY RD,RALEIGH,NC,27606,-78.722702,35.8078,TRINITY RIDGE HARMONY HOUSING LLC,For Profit,NA,NA,48,NA,NA,Elderly or disabled,NA,NA,NA,48,NA,NA,New Construction,252446,NA,NA,NA,27606
NA,NCA2020008,1161665,8375cb20-dffa-eb11-83c6-005056ba3ab9,Active,LIHTC,9% Tax Credit,2020-01-01T00:00:00Z,2050-01-01T00:00:00Z,82,ABBINGTON SQUARE,6201 LITCHFORD RD,RALEIGH,NC,27615,-78.598518,35.86412,NA,NA,NA,NA,40,30,12,Family,NA,NA,NA,82,NA,NA,New Construction,NA,NA,NA,NA,27615
NA,NCA2006160,1064077,6c445078-c7ff-e611-8115-74d435edc0c2,Active,LIHTC,9% Tax Credit,2006-01-01T00:00:00Z,2036-01-01T00:00:00Z,48,PERRY HILL APARTMENTS,6501 ANDRON DR,RALEIGH,NC,27616,-78.541442,35.874382,PERRY CREEK HOUSING ASSOCIATES LLC,For Profit,NA,NA,NA,32,16,Mixed,NA,NA,NA,48,NA,NA,New Construction,298374,NA,NA,NA,27616
NA,NCA2000150,1107275,c897ae9d-d868-e711-806a-005056ba3ab9,Active,LIHTC,9% Tax Credit,2000-01-01T00:00:00Z,2030-01-01T00:00:00Z,50,MADISON GLEN APARTMENTS,6840 MADISON RIDGE WAY,RALEIGH,NC,27613,-78.693824,35.872055,BRAEBOURNE LIMITED PARTNERSHIP,NA,NA,NA,16,62,26,Family,NA,NA,NA,104,NA,NA,New Construction,NA,NA,NA,NA,27613
NA,NCA1997195,1108488,af07d574-d968-e711-806a-005056ba3ab9,Active,LIHTC,9% Tax Credit,1997-01-01T00:00:00Z,2027-01-01T00:00:00Z,48,FOX HAVEN APARTMENTS,7021 FOX HAVEN PL,RALEIGH,NC,27616,-78.553497,35.8721,PHP FOX HAVEN LLC,NA,NA,NA,0,32,16,Family,NA,NA,NA,48,NA,NA,New Construction,NA,NA,NA,NA,27616
NA,NCA1993405,1106650,d65767d8-d768-e711-806a-005056ba3ab9,Inconclusive,LIHTC,9% Tax Credit,1993-01-01T00:00:00Z,2023-01-01T00:00:00Z,50,WESTOAKS APARTMENTS,705 FLAVION DR,RALEIGH,NC,27608,-78.628669,35.812179,BREWER STREET LIMITED PARTNERSHIP,NA,NA,NA,0,40,10,Family,NA,NA,NA,50,NA,End Date Passed,New Construction,NA,NA,NA,NA,27608
NA,NCA1994300,1107361,80ece2c8-9d73-e711-84b1-005056ba3ab9,Active,LIHTC,4% and 9% Tax Credit,1994-01-01T00:00:00Z,2024-01-01T00:00:00Z,28,CAROLINA TERRACE APARTMENTS,709 SARDIS DR,RALEIGH,NC,27603,-78.672203,35.6991,CAROLINA TERRACE LIMITED PARTNERSHIP,NA,NA,NA,0,28,0,Family,NA,NA,NA,28,NA,NA,Acquisition and Rehab,NA,NA,NA,NA,27603
NA,NCA2014934,1065334,a539610e-e168-e711-806a-005056ba3ab9,Active,LIHTC,9% Tax Credit,2014-01-01T00:00:00Z,2044-01-01T00:00:00Z,80,BRIGHTON POINTE,7510 ESTEY RD,RALEIGH,NC,27616,-78.511497,35.892116,BRIGHTON POINTE LP,NA,NA,NA,0,56,24,Family,NA,NA,NA,80,NA,NA,New Construction,NA,NA,NA,NA,27616
800013336,NCA2006080,1063188,78acb12a-c7ff-e611-8115-74d435edc0c2,Active,LIHTC,4% Tax Credit,2006-01-01T00:00:00Z,2036-01-01T00:00:00Z,50,CRYSTAL COVE APARTMENTS,815 SUFFOLK BLVD,RALEIGH,NC,27603,-78.657371,35.745098,CRYSTAL COVE LIMITED PARTNERSHIP,For Profit,"WAJ Management, LLC",For Profit,12,26,12,Mixed,NA,NA,NA,50,NA,NA,Acquisition and Rehab,195716,NA,NA,NA,27603
NA,NCA0000X104,1149161,05366d27-e2dc-ea11-8ab3-005056ba3ab9,Active,LIHTC,9% Tax Credit,2019-01-01T00:00:00Z,2049-01-01T00:00:00Z,85,ABBINGTON VILLAGE,8300 VILLAGE RIDGE CIR,RALEIGH,NC,27616,-78.553802,35.885501,RALEIGH ABBINGTON VILLAGE LLC,NA,NA,NA,42,24,19,Family,NA,NA,NA,85,NA,NA,New Construction,NA,NA,NA,NA,27616
NA,NCA2002110,1063916,3bca5f6c-c7ff-e611-8115-74d435edc0c2,Active,LIHTC,9% Tax Credit,2002-01-01T00:00:00Z,2032-01-01T00:00:00Z,90,PARKVIEW MANOR APARTMENTS,911 N BLOUNT ST,RALEIGH,NC,27604,-78.635963,35.79227,HALIFAX SENIOR HOUSING LLC,For Profit,NA,NA,60,30,NA,Elderly or disabled,NA,NA,NA,90,NA,NA,New Construction,681809,NA,NA,NA,27604
800218525,NCA2004195,1063994,10cd5772-c7ff-e611-8115-74d435edc0c2,Active,LIHTC,4% Tax Credit,2004-01-01T00:00:00Z,2034-01-01T00:00:00Z,120,THE OAKS AT BRIER CREEK,9931 SMALL OAK PL,RALEIGH,NC,27560,-78.795196,35.903499,OAKS AT BRIER CREEK LLC,For Profit,NA,NA,24,72,48,Family,NA,NA,NA,144,NA,NA,New Construction,281400,NA,NA,NA,27560
NA,NCA2019018,1151331,8dd5af41-dfdc-ea11-8ab3-005056ba3ab9,Active,LIHTC,9% Tax Credit,2019-01-01T00:00:00Z,2049-01-01T00:00:00Z,50,ROONEY RIDGE,114 HUNTING RIDGE RD,ROANOKE RAPIDS,NC,27870,-77.636299,36.441146,ROONEY RIDGE LIMITED PARTNERSHIP,NA,NA,NA,24,26,0,Elderly or disabled,NA,NA,NA,50,NA,NA,New Construction,NA,NA,NA,NA,27870
NA,NCA2011015,1064963,b76fecd7-c7ff-e611-8115-74d435edc0c2,Active,LIHTC,TCEP,2011-01-01T00:00:00Z,2041-01-01T00:00:00Z,36,CHAPEL RIDGE MANOR,264 JESSLEYNS DR,ROANOKE RAPIDS,NC,27870,-77.656936,36.433185,CHAPEL RIDGE MANOR LLC,For Profit,NA,NA,24,12,NA,Elderly or disabled,NA,NA,NA,36,NA,NA,New Construction,NA,NA,NA,NA,27870
NA,NCA2005155,1108435,e12ce268-d968-e711-806a-005056ba3ab9,Active,LIHTC,9% Tax Credit,2005-01-01T00:00:00Z,2035-01-01T00:00:00Z,44,RIVER VIEW GREEN,507 RIVERVIEW CT,ROANOKE RAPIDS,NC,27870,-77.630577,36.441711,RIVER VIEW GREEN ASSOCIATES LIMITED PARTNERSHIP,NA,NA,NA,0,36,8,Mixed,NA,NA,NA,44,NA,NA,New Construction,NA,NA,NA,NA,27870
NA,NCA2009115,1109183,285fbd4b-e268-e711-806a-005056ba3ab9,Active,LIHTC,4% and 9% Tax Credit,2009-01-01T00:00:00Z,2039-01-01T00:00:00Z,42,WINDCHASE APARTMENTS,701 E LITTLETON RD,ROANOKE RAPIDS,NC,27870,-77.65541,36.438186,ROANOKE RAPIDS II HOUSING LP,NA,NA,NA,10,32,0,Family,NA,NA,NA,42,NA,NA,Acquisition and Rehab,NA,NA,NA,NA,27870
NA,NCA1994285,1118201,dcfe1eae-c7ff-e611-8115-74d435edc0c2,Active,LIHTC,4% Tax Credit,1994-01-01T00:00:00Z,2024-01-01T00:00:00Z,26,BRITISH WOODS APARTMENTS,801 E LITTLETON RD,ROANOKE RAPIDS,NC,27820,-77.65345,36.437728,BRITISH WOODS HOUSING LIMITED PARTNERSHIP,For Profit,NA,NA,24,2,NA,Elderly or disabled,NA,NA,NA,26,NA,NA,New Construction,43411,NA,NA,NA,27820
NA,NCA2019006,1121847,11366d27-e2dc-ea11-8ab3-005056ba3ab9,Active,LIHTC,4% Tax Credit,2019-01-01T00:00:00Z,2049-01-01T00:00:00Z,34,COLONY WOODS,901 E LITTLETON RD,ROANOKE RAPIDS,NC,27870,-77.653388,36.437728,COLONY WOODS NC LIMITED PARTNERSHIP,NA,NA,NA,32,2,0,Elderly or disabled,NA,NA,NA,34,NA,NA,Acquisition and Rehab,NA,NA,NA,NA,27870
800241180,NCA2014020,1065342,32d2c4f5-c7ff-e611-8115-74d435edc0c2,Active,LIHTC,9% Tax Credit,2014-01-01T00:00:00Z,2044-01-01T00:00:00Z,72,GRANITE FALLS APARTMENTS,404 HUNTER FALLS LN,ROLESVILLE,NC,27571,-78.468986,35.919742,GRANITE FALLS NC LIMITED PARTNERSHIP,For Profit,NA,NA,NA,48,24,Family,NA,NA,NA,72,NA,NA,New Construction,700339,NA,NA,NA,27571
NA,NCA2000020,1107412,858eee5b-d868-e711-806a-005056ba3ab9,Active,LIHTC,9% Tax Credit,2000-01-01T00:00:00Z,2030-01-01T00:00:00Z,48,BARDEN RIDGE,12 BARDEN PL,ROXBORO,NC,27573,-78.992851,36.391235,IPI PROPERTIES 11 LLC,NA,NA,NA,0,32,16,Family,NA,NA,NA,48,NA,NA,New Construction,NA,NA,NA,NA,27573
800012711,NCA20009009,1063409,9a92c2c5-b0f0-e711-81d0-005056ba3ab9,Active,LIHTC,4% Tax Credit,2000-01-01T00:00:00Z,2030-01-01T00:00:00Z,90,BROOKWOOD APARTMENTS,390 HENDERSON RD,ROXBORO,NC,27573,-78.965034,36.405006,BROOKWOOD APTS (DE) LLC,NA,NA,NA,16,32,42,Family,NA,NA,NA,90,NA,NA,Acquisition and Rehab,NA,NA,NA,NA,27573
800243423,NCA20151918,1065344,bd09320a-4090-e811-b0ec-005056ba3ab9,Active,LIHTC,9% Tax Credit,2015-01-01T00:00:00Z,2045-01-01T00:00:00Z,60,WINDRIDGE APARTMENTS,50 WINDRIDGE CT,ROXBORO,NC,27573,-79.002098,36.357101,WINDRIDGE APTS LLC,NA,NA,NA,0,42,18,Family,NA,NA,NA,60,NA,NA,New Construction,NA,NA,NA,NA,27573
NA,NCA1992450,1115642,84e6834e-c7ff-e611-8115-74d435edc0c2,Inconclusive,LIHTC,4% Tax Credit,1992-01-01T00:00:00Z,2022-01-01T00:00:00Z,20,SCOTLAND ARMS APARTMENTS,214 E 11TH ST,SCOTLAND NECK,NC,27874,-77.420257,36.129329,SCOTLAND NECK HOUSING LIMITED PARTNERSHIP,For Profit,NA,NA,18,2,NA,Elderly or disabled,NA,NA,NA,20,NA,End Date Passed,New Construction,33513,NA,NA,NA,27874
NA,NCA1997220,1120898,70ff1eae-c7ff-e611-8115-74d435edc0c2,Active,LIHTC,9% Tax Credit,1997-01-01T00:00:00Z,2027-01-01T00:00:00Z,20,HAWTHORNE VILLAGE APARTMENTS,215 E 11TH ST,SCOTLAND NECK,NC,27874,-77.420166,36.129646,HAWTHORNE HOUSING LIMITED PARTNERSHIP,For Profit,NA,NA,20,NA,NA,Elderly or disabled,NA,NA,NA,20,NA,NA,New Construction,40163,NA,NA,NA,27874
NA,NCA1994290,1115948,6d72755a-c7ff-e611-8115-74d435edc0c2,Active,LIHTC,4% Tax Credit,1994-01-01T00:00:00Z,2024-01-01T00:00:00Z,24,BUNN MANOR APARTMENTS,316 S MAIN ST,BUNN,NC,27508,-78.253372,35.960212,BUNN MANOR ASSOCIATES LIMITED PARTNERSHIP,For Profit,NA,NA,22,2,NA,Elderly or disabled,NA,NA,NA,24,NA,NA,New Construction,45142,NA,NA,NA,27508
NA,NCA1995575,1064855,aee2f4d1-c7ff-e611-8115-74d435edc0c2,Active,LIHTC,9% Tax Credit,1995-01-01T00:00:00Z,2025-01-01T00:00:00Z,32,SEDGEBROOK APARTMENTS,100 SEDGEBROOK DR,CARY,NC,27511,-78.786705,35.764835,SEDGEBROOK LLC,For Profit,NA,NA,NA,24,8,Family,NA,NA,NA,32,NA,NA,New Construction,145848,NA,NA,NA,27511
NA,NCA20059023,1010220,9cb8a9e5-e1dc-ea11-8ab3-005056ba3ab9,Active,LIHTC,9% Tax Credit,2005-01-01T00:00:00Z,2035-01-01T00:00:00Z,50,HIGHLAND VILLAGE APARTMENTS,1500 HIGHLAND VILLAGE DR,CARY,NC,27511,-78.795684,35.784381,HIGHLAND VILLAGE LIMITED PARTNERSHIP,NA,NA,NA,10,25,15,Mixed,NA,NA,NA,50,NA,NA,New Construction,NA,NA,NA,NA,27511
NA,NCA2015046,1065668,a109320a-4090-e811-b0ec-005056ba3ab9,Active,LIHTC,9% Tax Credit,2015-01-01T00:00:00Z,2045-01-01T00:00:00Z,53,WILLOW CREEK,2000 GOLDEN WILLOW CT,CARY,NC,27519,-78.846557,35.815357,WILLOW CREEK SENIORS LLC,NA,NA,NA,37,16,0,Elderly or disabled,NA,NA,NA,53,NA,NA,New Construction,NA,NA,NA,NA,27519
NA,NCA19999029,1102697,7dcf684c-aff0-e711-81d0-005056ba3ab9,Active,LIHTC,9% Tax Credit,1999-01-01T00:00:00Z,2029-01-01T00:00:00Z,72,WESTWOOD PARK APARTMENTS,600 GLENDON WAY,CARY,NC,27519,-78.872016,35.799556,WEST CARY APTS LLC,NA,NA,NA,0,48,24,Family,NA,NA,NA,72,NA,NA,New Construction,NA,NA,NA,NA,27519
NA,NCA0000X154,1150867,31a814e2-dedc-ea11-8ab3-005056ba3ab9,Active,LIHTC,9% Tax Credit,2019-01-01T00:00:00Z,2049-01-01T00:00:00Z,42,RYAN SPRING,616 RYAN RD,CARY,NC,27511,-78.768188,35.778091,RYAN SPRING HOUSING ASSOCIATES LLC,NA,NA,NA,23,19,0,Elderly or disabled,NA,NA,NA,42,NA,NA,New Construction,NA,NA,NA,NA,27511
NA,NCA2018031,1129848,a6ffadeb-e1dc-ea11-8ab3-005056ba3ab9,Active,LIHTC,9% Tax Credit,2018-01-01T00:00:00Z,2048-01-01T00:00:00Z,68,WILTON PLACE,810 N MAIN ST,CREEDMOOR,NC,27522,-78.684127,36.124885,WILTON PLACE LP,NA,NA,NA,0,0,0,Family,NA,NA,NA,68,NA,NA,New Construction,NA,NA,NA,NA,27522
NA,NCA1995570,1063967,349a6f60-c7ff-e611-8115-74d435edc0c2,Active,LIHTC,9% Tax Credit,1995-01-01T00:00:00Z,2025-01-01T00:00:00Z,20,ROCKWOOD COTTAGES,1 E ROCK COTTAGE CT,DURHAM,NC,27707,-78.924285,35.977615,ROCKWOOD AH-1 LIMITED PARTNERSHIP,For Profit,NA,NA,16,5,NA,Elderly or disabled,NA,NA,NA,21,NA,NA,New Construction,88875,NA,NA,NA,27707
800246226,NCA20019011,1107010,26b2c0dd-b0f0-e711-81d0-005056ba3ab9,Active,LIHTC,4% Tax Credit,2001-01-01T00:00:00Z,2031-01-01T00:00:00Z,92,FOREST GLEN APARTMENTS,100 LYNN FOREST DR,DURHAM,NC,27713,-78.899818,35.93592,FF FOREST GLEN LLC,NA,NA,NA,0,40,52,Family,NA,NA,NA,92,NA,NA,New Construction,NA,NA,NA,NA,27713
800245186,NCA00001009,1064564,5c577de9-e0fa-eb11-83c6-005056ba3ab9,Active,LIHTC,4% Tax Credit,2016-01-01T00:00:00Z,2046-01-01T00:00:00Z,102,DAMAR COURT,1028 SHERWOOD DR,DURHAM,NC,27705,-78.953857,36.006591,DAMAR COURT LLC,NA,NA,NA,0,102,0,Family,NA,NA,NA,102,NA,NA,Acquisition and Rehab,NA,NA,NA,NA,27705
NA,NCA1993400,1064901,92e3f4d1-c7ff-e611-8115-74d435edc0c2,Inconclusive,LIHTC,9% Tax Credit,1993-01-01T00:00:00Z,2023-01-01T00:00:00Z,10,WEST PARK APARTMENTS,1112 ROCK ST,DURHAM,NC,27707,-78.917053,35.990509,WEST END LTD PARTNERSHIP DURHAM COMMUNITY LAND TRUSTEES,For Profit,NA,NA,NA,4,6,Family,NA,NA,NA,10,NA,End Date Passed,New Construction,69283,NA,NA,NA,27707
800242341,NCA00001052,1004687,61ffed81-3bc8-e911-a021-005056ba3ab9,Active,LIHTC,4% Tax Credit,2017-01-01T00:00:00Z,2047-01-01T00:00:00Z,200,BRIAR GREEN APARTMENTS,1155 BRIAR ROSE LN,DURHAM,NC,27704,-78.886825,36.056785,PEDCOR INVESTMENTS-2015-LXXXVI LP,NA,NA,NA,56,96,48,Family,NA,NA,NA,200,NA,NA,New Construction,NA,NA,NA,NA,27704
800012881,NCA2001130,1024149,97804611-3cc8-e911-a021-005056ba3ab9,Active,LIHTC,4% Tax Credit,2001-01-01T00:00:00Z,2031-01-01T00:00:00Z,159,NAPLES TERRACE APARTMENTS,1237 E NAPLES PL,DURHAM,NC,27703,-78.865631,36.003173,FEDERAL HOME NAPLES TERRACE,NA,NA,NA,8,71,80,Family,NA,NA,NA,159,NA,NA,Acquisition and Rehab,NA,NA,NA,NA,27703
NA,NCA00001001,1065680,c16655e0-3f90-e811-b0ec-005056ba3ab9,Active,LIHTC,9% Tax Credit,2015-01-01T00:00:00Z,2045-01-01T00:00:00Z,60,VERMILION,1311 COOK RD,DURHAM,NC,27713,-78.922546,35.943767,VERMILION HOMESTEAD LLC,NA,NA,NA,0,36,24,Family,NA,NA,NA,60,NA,NA,New Construction,NA,NA,NA,NA,27713
NA,NCA1992285,1063559,a4e5834e-c7ff-e611-8115-74d435edc0c2,Inconclusive,LIHTC,9% Tax Credit,1992-01-01T00:00:00Z,2022-01-01T00:00:00Z,4,HARRELL APARTMENTS,1401 MATHISON AVE,DURHAM,NC,27707,-78.890281,35.980037,MATHISON ASSOCIATES LP,For Profit,NA,NA,NA,4,NA,Mixed,NA,NA,NA,4,NA,End Date Passed,New Construction,19312,NA,NA,NA,27707
NA,NCA1992290,1063561,ace5834e-c7ff-e611-8115-74d435edc0c2,Inconclusive,LIHTC,9% Tax Credit,1992-01-01T00:00:00Z,2022-01-01T00:00:00Z,3,HARRELL SMITH APARTMENTS,1405 HARRELL AVE,DURHAM,NC,27701,-78.889862,35.979877,MATHISON ASSOCIATES LP,For Profit,NA,NA,NA,3,NA,Family,NA,NA,NA,3,NA,End Date Passed,New Construction,14459,NA,NA,NA,27701
NA,NCA2000205,1064863,14bd06c0-c7ff-e611-8115-74d435edc0c2,Active,LIHTC,9% Tax Credit,2000-01-01T00:00:00Z,2030-01-01T00:00:00Z,24,ROCKWOOD NORTH,15 WOOD COTTAGE CT,DURHAM,NC,27707,-78.947998,35.966201,ROCKWOOD NORTH LLC,For Profit,NA,NA,17,7,NA,Elderly or disabled,NA,NA,NA,24,NA,NA,New Construction,125353,NA,NA,NA,27707
NA,NCA2000215,1106838,36ec9ea2-d768-e711-806a-005056ba3ab9,Active,LIHTC,9% Tax Credit,2000-01-01T00:00:00Z,2030-01-01T00:00:00Z,84,SAVANNAH PLACE,1519 SAVANNAH PL,DURHAM,NC,27713,-78.907325,35.903434,SAVANNAH PLACE APTS LLC,NA,NA,NA,0,60,24,Family,NA,NA,NA,84,NA,NA,New Construction,NA,NA,NA,NA,27713
800012741,NCA2003120,1062968,986bafee-c6ff-e611-8115-74d435edc0c2,Active,LIHTC,4% Tax Credit,2003-01-01T00:00:00Z,2033-01-01T00:00:00Z,99,OAKLEY SQUARE APARTMENTS,1835 CHEEK RD,DURHAM,NC,27704,-78.868415,36.004898,OAKLEY SQUARE LIMITED PARTNERSHIP,For Profit,NA,NA,10,40,50,Family,NA,NA,NA,100,NA,NA,Acquisition and Rehab,211689,NA,NA,NA,27704
800242436,NCA1999055,1107655,410277d3-d868-e711-806a-005056ba3ab9,Active,LIHTC,9% Tax Credit,1999-01-01T00:00:00Z,2029-01-01T00:00:00Z,91,FOXRIDGE APARTMENTS,200 FOXRIDGE CRESCENT,DURHAM,NC,27703,-78.813674,35.929504,NHC PARTNERSHIP 5 LP,NA,NA,NA,0,56,36,Family,NA,NA,NA,92,NA,NA,New Construction,NA,NA,NA,NA,27703
NA,NCA2007145,1107018,ccc22f0e-d868-e711-806a-005056ba3ab9,Active,LIHTC,4% Tax Credit,2007-01-01T00:00:00Z,2037-01-01T00:00:00Z,64,STEWART HEIGHTS,202 JAN CT,DURHAM,NC,27707,-78.912895,35.96099,STEWART HEIGHTS LLC,NA,NA,NA,0,64,0,Mixed,NA,NA,NA,64,NA,NA,Acquisition and Rehab,NA,NA,NA,NA,27707
NA,NCA2001085,1108391,3bf0e962-d968-e711-806a-005056ba3ab9,Active,LIHTC,4% Tax Credit,2001-01-01T00:00:00Z,2031-01-01T00:00:00Z,160,LAKEMOOR APARTMENTS,205 KENT LAKE DR,DURHAM,NC,27713,-78.917495,35.942508,LAKEMOOR LIMITED PARTNERSHIP,NA,NA,NA,0,58,102,Family,NA,NA,NA,160,NA,NA,New Construction,NA,NA,NA,NA,27713
NA,NCA2005140,1107021,e8c22f0e-d868-e711-806a-005056ba3ab9,Active,LIHTC,4% Tax Credit,2005-01-01T00:00:00Z,2035-01-01T00:00:00Z,88,PENDLETON TOWNHOMES,300 S WOODCREST,DURHAM,NC,27703,-78.850784,35.982292,PT DURHAM LIMITED PARTNERSHIP,NA,NA,NA,0,0,88,Family,NA,NA,NA,88,NA,NA,New Construction,NA,NA,NA,NA,27703
NA,NCA1995465,1063945,c4996f60-c7ff-e611-8115-74d435edc0c2,Active,LIHTC,9% Tax Credit,1995-01-01T00:00:00Z,2025-01-01T00:00:00Z,18,MUTUAL MANOR APARTMENTS,3146 FAYETTEVILLE ST,DURHAM,NC,27707,-78.909477,35.961643,MANOR ASSOCIATES LIMITED PARTNERSHIP,For Profit,NA,NA,12,6,NA,Elderly or disabled,NA,NA,NA,18,NA,NA,New Construction,75701,NA,NA,NA,27707
NA,NCA2007195,1107035,72c32f0e-d868-e711-806a-005056ba3ab9,Active,LIHTC,4% Tax Credit,2007-01-01T00:00:00Z,2037-01-01T00:00:00Z,63,STEWART SQUARE APARTMENTS,3200 FAYETTEVILLE ST,DURHAM,NC,27707,-78.910285,35.960758,STEWART SQUARE LLC,NA,NA,NA,0,63,0,Mixed,NA,NA,NA,63,NA,NA,Acquisition and Rehab,NA,NA,NA,NA,27707
800245186,NCA0000963,1064564,fa68aeac-3cc8-e911-a021-005056ba3ab9,Active,LIHTC,4% Tax Credit,2015-01-01T00:00:00Z,2045-01-01T00:00:00Z,224,MORREENE ROAD APARTMENTS,3206 GLASSON ST,DURHAM,NC,27705,-78.955062,36.005794,MORREENE ROAD LLC,NA,NA,NA,192,32,0,Family,NA,NA,NA,224,NA,NA,Acquisition and Rehab,NA,NA,NA,NA,27705
NA,NCA0000X167,1150878,81a814e2-dedc-ea11-8ab3-005056ba3ab9,Active,LIHTC,9% Tax Credit,2020-01-01T00:00:00Z,2050-01-01T00:00:00Z,82,WILLARD STREET APARTMENTS,481 WILLARD ST,DURHAM,NC,27701,-78.907371,35.995773,WILLARD STREET LLC,NA,NA,NA,39,43,0,Family,NA,NA,NA,82,NA,NA,New Construction,NA,NA,NA,NA,27701
NA,NCA1997290,1106515,f03f7cc6-d768-e711-806a-005056ba3ab9,Active,LIHTC,9% Tax Credit,1997-01-01T00:00:00Z,2027-01-01T00:00:00Z,71,SHERWOOD PARK APARTMENTS,500 MCCALLIE AVE,DURHAM,NC,27704,-78.869979,36.003856,SHERWOOD PARK LIMITED PARTNERSHIP,NA,NA,NA,33,28,10,Family,NA,NA,NA,71,NA,NA,New Construction,NA,NA,NA,NA,27704
NA,NCA1994460,1063809,5573755a-c7ff-e611-8115-74d435edc0c2,Active,LIHTC,9% Tax Credit,1994-01-01T00:00:00Z,2024-01-01T00:00:00Z,102,OXFORD COMMONS ELDERLY HOUSING,500 PICKWICK TRL,DURHAM,NC,27704,-78.889305,36.04219,OXFORD COMMONS LP,Non-Profit,NA,NA,102,NA,NA,Elderly or disabled,NA,NA,NA,102,NA,NA,New Construction,427426,NA,NA,NA,27704
NA,NCA1994575,1063809,5973755a-c7ff-e611-8115-74d435edc0c2,Active,LIHTC,9% Tax Credit,1994-01-01T00:00:00Z,2024-01-01T00:00:00Z,82,PREISS STEELE PLACE,500 PICKWICK TRL,DURHAM,NC,27704,-78.889305,36.04219,PREISS-STEELE PLACE LLC,For Profit,NA,NA,82,20,NA,Elderly or disabled,NA,NA,NA,102,NA,NA,New Construction,427426,NA,NA,NA,27704
NA,NCA1994310,1063796,8572755a-c7ff-e611-8115-74d435edc0c2,Active,LIHTC,9% Tax Credit,1994-01-01T00:00:00Z,2024-01-01T00:00:00Z,48,CARVER CREEK APARTMENTS,531 E CARVER ST,DURHAM,NC,27704,-78.891029,36.044467,CARVER CREEK ACQUISITIONS LLC,For Profit,NA,NA,48,NA,NA,Elderly or disabled,NA,NA,NA,48,NA,NA,New Construction,200134,NA,NA,NA,27704
NA,NCA2002005,1063900,97c95f6c-c7ff-e611-8115-74d435edc0c2,Active,LIHTC,9% Tax Credit,2002-01-01T00:00:00Z,2032-01-01T00:00:00Z,173,ALSTON VILLAGE APARTMENTS,5400 S ALSTON AVE,DURHAM,NC,27713,-78.885673,35.885723,THE NRP GROUP,For Profit,NA,NA,72,84,48,Family,NA,NA,NA,204,NA,NA,New Construction,468492,NA,NA,NA,27713
NA,NCA1996500,1107164,fd5ab991-d868-e711-806a-005056ba3ab9,Active,LIHTC,9% Tax Credit,1996-01-01T00:00:00Z,2026-01-01T00:00:00Z,16,GREENS OF PINE GLEN TOWNHOUSES PHASE II,6100 PINE GLEN TRL,DURHAM,NC,27713,-78.921722,35.908065,ATLANTIC DEVELOPMENT LLC,NA,NA,NA,0,12,4,Family,NA,NA,NA,16,NA,NA,New Construction,NA,NA,NA,NA,27713
NA,NCA1996493,1107191,935bb991-d868-e711-806a-005056ba3ab9,Active,LIHTC,4% Tax Credit,1996-01-01T00:00:00Z,2026-01-01T00:00:00Z,168,GREENS AT PINE GLEN,6201 PINE GLEN TRL,DURHAM,NC,27713,-78.922004,35.907787,PINE GLEN LIMITED PARTNERSHIP,NA,NA,NA,0,76,92,Family,NA,NA,NA,168,NA,NA,Acquisition and Rehab,NA,NA,NA,NA,27713
NA,NCA2009090,1108556,7ce2c780-d968-e711-806a-005056ba3ab9,Active,LIHTC,4% and 9% Tax Credit,2009-01-01T00:00:00Z,2039-01-01T00:00:00Z,19,STEWART CIRCLE APARTMENTS,700 ATLANTIC ST,DURHAM,NC,27707,-78.910064,35.962135,STEWART CIRCLE LP,NA,NA,NA,0,20,0,Family,NA,NA,NA,20,NA,NA,Acquisition and Rehab,NA,NA,NA,NA,27707
NA,NCA20171028,1065071,aeffadeb-e1dc-ea11-8ab3-005056ba3ab9,Active,LIHTC,9% Tax Credit,2017-01-01T00:00:00Z,2047-01-01T00:00:00Z,58,SOUTHSIDE REVITALIZATION PHASE II,703 S ROXBORO ST,DURHAM,NC,27707,-78.902435,35.987442,SOUTHSIDE REVITALIZATION PHASE II LP,NA,NA,NA,37,44,4,Family,NA,NA,NA,85,NA,NA,New Construction,NA,NA,NA,NA,27707
NA,NCA0000X233,1172826,b854e9ca-792d-ed11-8b14-005056ba3ab9,Active,LIHTC,4% Tax Credit,2021-01-01T00:00:00Z,2051-01-01T00:00:00Z,80,JJ HENDERSON SENIORS,809 S DUKE ST,DURHAM,NC,27701,-78.908699,35.990955,NA,NA,NA,NA,0,0,0,Elderly or disabled,NA,NA,NA,80,NA,NA,New Construction,NA,NA,NA,NA,27701
NA,NCA1998070,1064195,67ed6766-c7ff-e611-8115-74d435edc0c2,Active,LIHTC,9% Tax Credit,1998-01-01T00:00:00Z,2028-01-01T00:00:00Z,29,GLENDALE APARTMENTS,823 MANGUM ST,DURHAM,NC,27701,-78.895187,36.002628,FJS LIMITED PARTNERSHIP,For Profit,NA,NA,NA,29,NA,Family,NA,NA,NA,29,NA,NA,Acquisition and Rehab,110565,NA,NA,NA,27701
NA,NCA1993175,1063660,b3f97c54-c7ff-e611-8115-74d435edc0c2,Inconclusive,LIHTC,9% Tax Credit,1993-01-01T00:00:00Z,2023-01-01T00:00:00Z,2,FISKE ST APARTMENTS,925 FISKE ST,DURHAM,NC,27703,-78.874572,35.99496,FISKE ASSOCIATES,For Profit,NA,NA,NA,2,NA,Family,NA,NA,NA,2,NA,End Date Passed,New Construction,8822,NA,NA,NA,27703
NA,NCA2003060,1116023,f33ed115-e268-e711-806a-005056ba3ab9,Active,LIHTC,9% Tax Credit,2003-01-01T00:00:00Z,2033-01-01T00:00:00Z,24,DEERFIELD APARTMENTS,12975 NC HIGHWAY 481,ENFIELD,NC,27823,-77.683303,36.181198,ENFIELD MMR LIMITED PARTNERSHIP,NA,NA,NA,22,2,0,Elderly or disabled,NA,NA,NA,24,NA,NA,New Construction,NA,NA,NA,NA,27823
NA,NCA0000X030,1103131,e2cedd68-3f90-e811-b0ec-005056ba3ab9,Active,LIHTC,9% Tax Credit,2018-01-01T00:00:00Z,2048-01-01T00:00:00Z,48,ENFIELD POINTE APARTMENTS,191 DANIELS BRIDGE RD,ENFIELD,NC,27823,-77.682678,36.179111,ENFIELD POINTE LLC,NA,NA,NA,6,30,12,Family,NA,NA,NA,48,NA,NA,New Construction,NA,NA,NA,NA,27823
NA,NCA2010100,1064950,636fecd7-c7ff-e611-8115-74d435edc0c2,Active,LIHTC,9% Tax Credit,2010-01-01T00:00:00Z,2040-01-01T00:00:00Z,36,ENFIELD SCHOOL APARTMENTS,498 SHERROD HTS,ENFIELD,NC,27823,-77.674995,36.183906,ENFIELD SCHOOL APTS LLC,For Profit,NA,NA,26,10,NA,Elderly or disabled,NA,NA,NA,36,NA,NA,Acquisition and Rehab,466330,NA,NA,NA,27823
NA,NCA0000X067,1103129,d2cedd68-3f90-e811-b0ec-005056ba3ab9,Active,LIHTC,4% Tax Credit,2018-01-01T00:00:00Z,2048-01-01T00:00:00Z,96,STERLING MILL LOFTS,106 E GREEN ST,FRANKLINTON,NC,27525,-78.457023,36.101306,STERLING MILL APTS LLC,NA,NA,NA,17,47,32,Family,NA,NA,NA,96,NA,NA,Acquisition and Rehab,NA,NA,NA,NA,27525
NA,NCA1994330,1117659,b572755a-c7ff-e611-8115-74d435edc0c2,Active,LIHTC,4% Tax Credit,1994-01-01T00:00:00Z,2024-01-01T00:00:00Z,33,COBBLESTONE APARTMENTS,100 STONE PATH DR,FUQUAY VARINA,NC,27526,-78.801818,35.592269,COBBLESTONE LIMITED PARTNERSHIP,For Profit,NA,NA,13,20,NA,Family,NA,NA,NA,33,NA,NA,New Construction,47807,NA,NA,NA,27526
NA,NCA2000225,1106748,38d5b390-d768-e711-806a-005056ba3ab9,Active,LIHTC,9% Tax Credit,2000-01-01T00:00:00Z,2030-01-01T00:00:00Z,46,SUMMERCHASE APARTMENTS,1500 RAVENSONG CIR,FUQUAY VARINA,NC,27526,-78.806091,35.603,SUMMERCHASE HARMONY HOUSING LLC,NA,NA,NA,0,35,11,Family,NA,NA,NA,46,NA,NA,New Construction,NA,NA,NA,NA,27526
NA,NCA2016062,1102596,95ddc87a-3f90-e811-b0ec-005056ba3ab9,Active,LIHTC,9% Tax Credit,2016-01-01T00:00:00Z,2046-01-01T00:00:00Z,48,WOOD SPRING,1806 JAMES SLAUGHTER RD,FUQUAY VARINA,NC,27526,-78.80281,35.606437,WOOD SPRING HOUSING ASSOCIATES LLC,NA,NA,NA,24,24,0,Elderly or disabled,NA,NA,NA,48,NA,NA,New Construction,NA,NA,NA,NA,27526
NA,NCA2010025,1115001,df0f2ca2-c7ff-e611-8115-74d435edc0c2,Active,LIHTC,9% Tax Credit,2010-01-01T00:00:00Z,2040-01-01T00:00:00Z,48,BAILEY PLACE,609 HILLSIDE CT,FUQUAY VARINA,NC,27526,-78.795555,35.578853,BAILEY PLACE LIMITED PARTNERSHIP,For Profit,NA,NA,16,32,NA,Family,NA,NA,NA,48,NA,NA,Acquisition and Rehab,NA,NA,NA,NA,27526
NA,NCA1998130,1064698,d303e2fd-e168-e711-806a-005056ba3ab9,Active,LIHTC,9% Tax Credit,1998-01-01T00:00:00Z,2028-01-01T00:00:00Z,50,RIDGEWOOD APARTMENTS,1018 E WAIT AVE,WAKE FOREST,NC,27587,-78.492553,35.970981,HALLMARK RIDGEWOOD LLC,NA,NA,NA,0,30,20,Family,NA,NA,NA,50,NA,NA,New Construction,NA,NA,NA,NA,27587
NA,NCA2015014,1065357,c109320a-4090-e811-b0ec-005056ba3ab9,Active,LIHTC,9% Tax Credit,2015-01-01T00:00:00Z,2045-01-01T00:00:00Z,84,HUNTINGTON SPRING,1887 S FRANKLIN ST,WAKE FOREST,NC,27587,-78.508949,35.950645,HUNTINGTON SPRING HOUSING ASSOCIATES LLC,NA,NA,NA,42,42,0,Elderly or disabled,NA,NA,NA,84,NA,NA,New Construction,NA,NA,NA,NA,27587
NA,NCA2005225,1107074,9fc2291a-d868-e711-806a-005056ba3ab9,Active,LIHTC,4% Tax Credit,2005-01-01T00:00:00Z,2035-01-01T00:00:00Z,120,HERITAGE CROSSINGS SENIOR APARTMENTS,3134 BRANCH FERRY CT,WAKE FOREST,NC,27587,-78.520027,35.949241,AH SUBGP 1324 CROSSINGS AT HERITAGE LLC,NA,NA,NA,20,100,0,Elderly or disabled,NA,NA,NA,120,NA,NA,New Construction,NA,NA,NA,NA,27587
800243586,NCA2001030,1064899,8ae3f4d1-c7ff-e611-8115-74d435edc0c2,Active,LIHTC,9% Tax Credit,2001-01-01T00:00:00Z,2031-01-01T00:00:00Z,38,CREEKSIDE APARTMENTS,361 S FRANKLIN ST,WAKE FOREST,NC,27587,-78.506591,35.97293,CREEKSIDE HOUSING LLC,For Profit,NA,NA,NA,28,10,Family,NA,NA,NA,38,NA,NA,New Construction,215217,NA,NA,NA,27587
NA,NCA1996575,1064206,74bd487e-c7ff-e611-8115-74d435edc0c2,Active,LIHTC,4% and 9% Tax Credit,1996-01-01T00:00:00Z,2026-01-01T00:00:00Z,56,ROYALL MILL APARTMENTS,876 N MAIN ST,WAKE FOREST,NC,27587,-78.503005,35.992271,HALLMARK GLEN ROYALL LLC,For Profit,NA,NA,11,39,6,Family,NA,NA,NA,56,NA,NA,Acquisition and Rehab,292190,NA,NA,NA,27587
NA,NCA2021010,1172850,4455e9ca-792d-ed11-8b14-005056ba3ab9,Active,LIHTC,9% Tax Credit,2021-01-01T00:00:00Z,2051-01-01T00:00:00Z,68,CRENSHAW TRACE,987 DURHAM RD,WAKE FOREST,NC,27587,-78.546081,35.976726,NA,NA,NA,NA,36,32,0,Elderly or disabled,NA,NA,NA,68,NA,NA,New Construction,NA,NA,NA,NA,27587
NA,NCA2006215,1064962,af6fecd7-c7ff-e611-8115-74d435edc0c2,Active,LIHTC,9% Tax Credit,2006-01-01T00:00:00Z,2036-01-01T00:00:00Z,24,WELDON DOWNTOWN APARTMENTS,121 WASHINGTON AVE WASHINGTON THIRD,WELDON,NC,27890,-77.595909,36.428012,WELDON SMALL TOWN DEVELOPMENT LLC,For Profit,NA,NA,11,10,3,Mixed,NA,NA,NA,24,NA,NA,Acquisition and Rehab,246170,NA,NA,NA,27890
NA,NCA20114036,1064858,57c7c8cb-b0f0-e711-81d0-005056ba3ab9,Active,LIHTC,9% Tax Credit,2011-01-01T00:00:00Z,2041-01-01T00:00:00Z,45,SANDY RIDGE APARTMENTS,101 WOODBINE RIDGE LN,WENDELL,NC,27591,-78.361656,35.78252,SANDY RIDGE HOUSING ASSOCIATES LLC,NA,NA,NA,4,23,18,Family,NA,NA,NA,45,NA,NA,New Construction,NA,NA,NA,NA,27591
NA,NCA2006070,1064063,28445078-c7ff-e611-8115-74d435edc0c2,Active,LIHTC,9% Tax Credit,2006-01-01T00:00:00Z,2036-01-01T00:00:00Z,20,CEDAR SPRING A SENIOR LIVING COMMUNITY,110 S HOLLYBROOK RD,WENDELL,NC,27591,-78.366584,35.779563,CEDAR SPRING HOUSING ASSOCIATES LLC,For Profit,NA,NA,10,10,NA,Elderly or disabled,NA,NA,NA,20,NA,NA,New Construction,137135,NA,NA,NA,27591
800012794,NCA2020054,1023154,02d8a2d0-7c2d-ed11-8b14-005056ba3ab9,Active,LIHTC,4% Tax Credit,2020-01-01T00:00:00Z,2050-01-01T00:00:00Z,40,CRESTFIELD APARTMENTS,719 MARSHBURN RD,WENDELL,NC,27591,-78.374588,35.790721,NA,NA,NA,NA,40,0,0,Elderly or disabled,NA,NA,NA,40,NA,NA,Acquisition and Rehab,NA,NA,NA,NA,27591
NA,NCA2006185,1064083,8c445078-c7ff-e611-8115-74d435edc0c2,Active,LIHTC,9% Tax Credit,2006-01-01T00:00:00Z,2036-01-01T00:00:00Z,48,SUTTON PLACE APARTMENTS,2303 SUTTON PL NW,WILSON,NC,27869,-77.961746,35.752513,SUTTON PLACE LLC,For Profit,NA,NA,NA,32,16,Mixed,NA,NA,NA,48,NA,NA,New Construction,297699,NA,NA,NA,27869
NA,NCA1998175,1064961,976fecd7-c7ff-e611-8115-74d435edc0c2,Active,LIHTC,9% Tax Credit,1998-01-01T00:00:00Z,2028-01-01T00:00:00Z,30,WOODLAND OLNEY SCHOOL APARTMENTS,507 W MAIN ST,WOODLAND,NC,27897,-77.219093,36.32759,WOODLAND-OLNEY LLC,For Profit,NA,NA,28,2,NA,Elderly or disabled,NA,NA,NA,30,NA,NA,New Construction,139286,NA,NA,NA,27897
NA,NCA2020040,1161676,c375cb20-dffa-eb11-83c6-005056ba3ab9,Active,LIHTC,9% Tax Credit,2020-01-01T00:00:00Z,2050-01-01T00:00:00Z,72,ZEBULON GREEN,509 DUGGINS OAK DR,ZEBULON,NC,27597,-78.370796,35.880901,NA,NA,NA,NA,12,36,24,Family,NA,NA,NA,72,NA,NA,New Construction,NA,NA,NA,NA,27597
NA,NCA2002165,1063924,87ca5f6c-c7ff-e611-8115-74d435edc0c2,Active,LIHTC,9% Tax Credit,2002-01-01T00:00:00Z,2032-01-01T00:00:00Z,33,SILVER SPRING APARTMENTS,601 PONY RD,ZEBULON,NC,27597,-78.33113,35.815456,SILVER SPRING HOUSING ASSOCIATES LLC,For Profit,NA,NA,24,9,NA,Elderly or disabled,NA,NA,NA,33,NA,NA,New Construction,189921,NA,NA,NA,27597
NA,NCA2018023,1021557,5d366d27-e2dc-ea11-8ab3-005056ba3ab9,Active,LIHTC,9% Tax Credit,2018-01-01T00:00:00Z,2048-01-01T00:00:00Z,50,SHEPARD GREENE,626 SHEPARD SCHOOL RD,ZEBULON,NC,27597,-78.313079,35.82801,SHEPARD GREENE LIMITED PARTNERSHIP,NA,NA,NA,18,32,0,Elderly or disabled,NA,NA,NA,50,NA,NA,New Construction,NA,NA,NA,NA,27597
NA,NCA1995250,1106623,5ed5b984-d768-e711-806a-005056ba3ab9,Active,LIHTC,9% Tax Credit,1995-01-01T00:00:00Z,2025-01-01T00:00:00Z,20,AVERY SQUARE,126 AVERY ST,GARNER,NC,27529,-78.596199,35.6679,BETTER HOMES FOR GARNER LIMITED PARTNESRHIP,NA,NA,NA,0,0,20,Family,NA,NA,NA,20,NA,NA,New Construction,NA,NA,NA,NA,27529
800242963,NCA20171005,1102600,ceffadeb-e1dc-ea11-8ab3-005056ba3ab9,Active,LIHTC,9% Tax Credit,2017-01-01T00:00:00Z,2047-01-01T00:00:00Z,80,CLEVELAND GREEN III,16 UNITED ST,GARNER,NC,27529,-78.561958,35.61293,CLEVELAND GREEN PHASE III ASSOCIATES LIMITED PARTNERSHIP,NA,NA,NA,0,52,28,Family,NA,NA,NA,80,NA,NA,New Construction,NA,NA,NA,NA,27529
NA,NCA1997345,1064181,83e5cc3f-e268-e711-806a-005056ba3ab9,Active,LIHTC,9% Tax Credit,1997-01-01T00:00:00Z,2027-01-01T00:00:00Z,48,WESTON TRACE,204 WESTCROFT DR,GARNER,NC,27529,-78.615783,35.71957,WESTON TRACE PARTNERS LLC,NA,NA,NA,0,36,12,Family,NA,NA,NA,48,NA,NA,New Construction,NA,NA,NA,NA,27529
NA,NCA2009010,1065695,68577de9-e0fa-eb11-83c6-005056ba3ab9,Active,LIHTC,9% Tax Credit,2009-01-01T00:00:00Z,2039-01-01T00:00:00Z,88,CLEVELAND GREEN APARTMENTS,401 LAINEY ST,GARNER,NC,27529,-78.557487,35.611663,CLEVELAND GREEN ASSOCIATES LIMITED PARTNERSHIP,NA,NA,NA,0,64,24,Family,NA,NA,NA,88,NA,NA,New Construction,NA,NA,NA,NA,27529
NA,NCA2014926,1065695,dba4701a-e168-e711-806a-005056ba3ab9,Active,LIHTC,9% Tax Credit,2014-01-01T00:00:00Z,2044-01-01T00:00:00Z,40,CLEVELAND GREEN PHASE II APARTMENTS,401 LAINEY ST,GARNER,NC,27529,-78.557487,35.611663,CLEVELAND GREEN PHASE II ASSOCIATES LIMITED PARTNERSHIP,NA,NA,NA,0,28,12,Family,NA,NA,NA,40,NA,NA,New Construction,NA,NA,NA,NA,27529
NA,NCA1998115,1064448,f30f2ca2-c7ff-e611-8115-74d435edc0c2,Active,LIHTC,4% Tax Credit,1998-01-01T00:00:00Z,2028-01-01T00:00:00Z,45,OLDE SCHOOL COMMONS APARTMENTS,742 W GARNER RD,GARNER,NC,27529,-78.612602,35.710834,OLDE SCHOOL COMMONS LLC,For Profit,NA,NA,45,NA,NA,Elderly or disabled,NA,NA,NA,45,NA,NA,Acquisition and Rehab,168490,NA,NA,NA,27529
NA,NCA2004187,1063990,f8cc5772-c7ff-e611-8115-74d435edc0c2,Active,LIHTC,9% Tax Credit,2004-01-01T00:00:00Z,2034-01-01T00:00:00Z,68,THE COMMONS AT HIGHLAND VILLAGE,100 HIGHLAND COMMONS CT,CARY,NC,27511,-78.795806,35.783863,HIGHLAND SENIORS LIMITED PARTNERSHIP,For Profit,NA,NA,52,16,NA,Elderly or disabled,NA,NA,NA,68,NA,NA,New Construction,452472,NA,NA,NA,27511
NA,NCA2005200,1064047,34ce5772-c7ff-e611-8115-74d435edc0c2,Active,LIHTC,9% Tax Credit,2005-01-01T00:00:00Z,2035-01-01T00:00:00Z,72,WEATHERSTONE SPRING CONGREGATE CARE LIVING SENIORS,200 WEATHER RIDGE LN,CARY,NC,27513,-78.8087,35.791923,WEATHERSTONE SPRING HOUSING ASSOCIATES LLC,For Profit,NA,NA,60,12,NA,Elderly or disabled,NA,NA,NA,72,NA,NA,New Construction,437107,NA,NA,NA,27513
800220598,NCA1993145,1063652,8ff97c54-c7ff-e611-8115-74d435edc0c2,Inconclusive,LIHTC,9% Tax Credit,1993-01-01T00:00:00Z,2023-01-01T00:00:00Z,90,CAPITAL TOWERS II,4808 SIX FORKS RD,RALEIGH,NC,27609,-78.643981,35.845989,CTC LIMITED PARTNERSHIP,For Profit,NA,NA,90,NA,54,Elderly or disabled,NA,NA,NA,90,NA,End Date Passed,New Construction,435614,NA,NA,NA,27609
NA,NCA2005080,1064039,c8cd5772-c7ff-e611-8115-74d435edc0c2,Active,LIHTC,9% Tax Credit,2005-01-01T00:00:00Z,2035-01-01T00:00:00Z,48,GARDEN WALK VILLAS,100 GARDEN WALK DR,HENDERSON,NC,27536,-78.454421,36.329769,GARDEN WALK VILLAS LLC,For Profit,NA,NA,36,12,NA,Elderly or disabled,NA,NA,NA,48,NA,NA,New Construction,272271,NA,NA,NA,27536
NA,NCA1994050,1063705,dffa7c54-c7ff-e611-8115-74d435edc0c2,Active,LIHTC,9% Tax Credit,1994-01-01T00:00:00Z,2024-01-01T00:00:00Z,2,1010 & 1012 HARRIET STREET,1010 HARRIETT ST,HENDERSON,NC,27536,-78.396041,36.312858,ROGERS GROUP INC,For Profit,NA,NA,NA,2,NA,NA,NA,NA,NA,2,NA,NA,New Construction,6235,NA,NA,NA,27536
NA,NCA1994105,1063726,37fb7c54-c7ff-e611-8115-74d435edc0c2,Active,LIHTC,9% Tax Credit,1994-01-01T00:00:00Z,2024-01-01T00:00:00Z,2,1027 & 1029 MAPLE STREET,1027 MAPLE ST,HENDERSON,NC,27536,-78.403701,36.317325,ROGERS GROUP INC,For Profit,NA,NA,NA,2,NA,NA,NA,NA,NA,2,NA,NA,New Construction,6487,NA,NA,NA,27536
NA,NCA1994115,1063728,47fb7c54-c7ff-e611-8115-74d435edc0c2,Active,LIHTC,9% Tax Credit,1994-01-01T00:00:00Z,2024-01-01T00:00:00Z,2,1031 & 1033 MAPLE STREET,1031 MAPLE ST,HENDERSON,NC,27536,-78.403411,36.317287,WILLIAM S. BROWN & MARY LEE BROWN,For Profit,NA,NA,NA,2,NA,NA,NA,NA,NA,2,NA,NA,New Construction,6487,NA,NA,NA,27536
800012873,NCA2004085,1063421,f38cc21e-c7ff-e611-8115-74d435edc0c2,Active,LIHTC,4% Tax Credit,2004-01-01T00:00:00Z,2034-01-01T00:00:00Z,50,HIGHLAND GREEN,111 S PINKSTON ST,HENDERSON,NC,27536,-78.391464,36.319885,HIGHLAND GREEN LLC,For Profit,NA,NA,NA,30,20,Mixed,NA,NA,NA,50,NA,NA,Acquisition and Rehab,349937,NA,NA,NA,27536
NA,NCA2012808,1120685,f4bf487e-c7ff-e611-8115-74d435edc0c2,Active,LIHTC,9% Tax Credit,2012-01-01T00:00:00Z,2042-01-01T00:00:00Z,44,WOODS II,300 S COOPER DR,HENDERSON,NC,27536,-78.437309,36.331104,WOODS II NORTHSTAR LLC,For Profit,NA,NA,24,20,NA,Family,NA,NA,NA,44,NA,NA,Acquisition and Rehab,239588,NA,NA,NA,27536
NA,NCA1993155,1063656,a3f97c54-c7ff-e611-8115-74d435edc0c2,Inconclusive,LIHTC,9% Tax Credit,1993-01-01T00:00:00Z,2023-01-01T00:00:00Z,1,COLLEGE HOUSE,415 S COLLEGE ST,HENDERSON,NC,27536,-78.402175,36.323162,ROGERS GROUP INC,For Profit,NA,NA,NA,NA,1,NA,NA,NA,NA,1,NA,End Date Passed,New Construction,4233,NA,NA,NA,27536
NA,NCA1995195,1063887,7c986f60-c7ff-e611-8115-74d435edc0c2,Active,LIHTC,9% Tax Credit,1995-01-01T00:00:00Z,2025-01-01T00:00:00Z,4,508 & 510 CHARLES STREET,508 CHARLES ST,HENDERSON,NC,27536,-78.394699,36.32389,MCCOBB DEVELOPMENT COMPANY,For Profit,NA,NA,NA,4,NA,NA,NA,NA,NA,4,NA,NA,New Construction,14243,NA,NA,NA,27536
NA,NCA1993330,1063672,37fa7c54-c7ff-e611-8115-74d435edc0c2,Inconclusive,LIHTC,9% Tax Credit,1993-01-01T00:00:00Z,2023-01-01T00:00:00Z,2,ROBERSON HOUSING,717 ROBERSON ST,HENDERSON,NC,27536,-78.389648,36.333595,ROGERS GROUP INC,For Profit,NA,NA,NA,2,NA,NA,NA,NA,NA,2,NA,End Date Passed,New Construction,6068,NA,NA,NA,27536
NA,NCA1994205,1063745,d571755a-c7ff-e611-8115-74d435edc0c2,Active,LIHTC,9% Tax Credit,1994-01-01T00:00:00Z,2024-01-01T00:00:00Z,1,728 ROBERSON ST,728 ROBERSON ST,HENDERSON,NC,27536,-78.389244,36.333683,ROGERS GROUP INC,For Profit,NA,NA,NA,NA,1,NA,NA,NA,NA,1,NA,NA,New Construction,4386,NA,NA,NA,27536
NA,NCA2007040,1064100,f0445078-c7ff-e611-8115-74d435edc0c2,Active,LIHTC,9% Tax Credit,2007-01-01T00:00:00Z,2037-01-01T00:00:00Z,55,CAROUSEL PLACE,750 BRIGHT CREEK WAY,RALEIGH,NC,27601,-78.62783,35.771625,CHAVIS SENIOR HOUSING LLC,For Profit,NA,NA,40,15,NA,Elderly or disabled,NA,NA,NA,55,NA,NA,New Construction,588151,NA,NA,NA,27601
NA,NCA1995020,1063818,2374755a-c7ff-e611-8115-74d435edc0c2,Active,LIHTC,9% Tax Credit,1995-01-01T00:00:00Z,2025-01-01T00:00:00Z,2,223 A&B MAPLE DRIVE,223 MAPLE DR,OXFORD,NC,27565,-78.591125,36.300243,CRAWFORD KNOTT,For Profit,NA,NA,NA,2,NA,NA,NA,NA,NA,2,NA,NA,New Construction,5772,NA,NA,NA,27565
NA,NCA1994175,1063739,a571755a-c7ff-e611-8115-74d435edc0c2,Active,LIHTC,9% Tax Credit,1994-01-01T00:00:00Z,2024-01-01T00:00:00Z,2,515 & 517 ORANGE ST,515 ORANGE ST,OXFORD,NC,27565,-78.58776,36.302181,DR ROBERT M CURRIN & SHARON S CURRIN,For Profit,NA,NA,NA,2,NA,Family,NA,NA,NA,2,NA,NA,New Construction,5176,NA,NA,NA,27565
NA,NCA2000200,1063848,4dc85f6c-c7ff-e611-8115-74d435edc0c2,Active,LIHTC,4% Tax Credit,2000-01-01T00:00:00Z,2030-01-01T00:00:00Z,11,PRAIRIE BUILDING,113 S WILMINGTON ST,RALEIGH,NC,27601,-78.638,35.779319,PRAIRIE LLC,For Profit,NA,NA,8,3,NA,Family,NA,NA,NA,11,NA,NA,Acquisition and Rehab,79626,NA,NA,NA,27601
NA,NCA2011559,1064856,bae2f4d1-c7ff-e611-8115-74d435edc0c2,Active,LIHTC,9% Tax Credit,2011-01-01T00:00:00Z,2041-01-01T00:00:00Z,48,MEADOWCREEK COMMONS,1601 ROYAL PINES DR,RALEIGH,NC,27610,-78.614463,35.767398,MEADOWCREEK COMMONS LLC,For Profit,NA,NA,36,12,NA,Elderly or disabled,NA,NA,NA,48,NA,NA,New Construction,578312,NA,NA,NA,27610
NA,NCA0000X202,1161663,6f75cb20-dffa-eb11-83c6-005056ba3ab9,Active,LIHTC,4% Tax Credit,2020-01-01T00:00:00Z,2050-01-01T00:00:00Z,96,SUMNER POINTE,3900 SUMNER BLVD,RALEIGH,NC,27616,-78.573577,35.863243,NA,NA,NA,NA,0,0,0,Elderly or disabled,NA,NA,NA,96,NA,NA,New Construction,NA,NA,NA,NA,27616
NA,NCA0000X205,1161663,7375cb20-dffa-eb11-83c6-005056ba3ab9,Active,LIHTC,4% Tax Credit,2020-01-01T00:00:00Z,2050-01-01T00:00:00Z,144,THE POINTE AT TOWN CENTER,3900 SUMNER BLVD,RALEIGH,NC,27616,-78.573577,35.863243,NA,NA,NA,NA,0,0,0,Family,NA,NA,NA,144,NA,NA,New Construction,NA,NA,NA,NA,27616
NA,NCA0000X195,1161664,7b75cb20-dffa-eb11-83c6-005056ba3ab9,Active,LIHTC,4% Tax Credit,2020-01-01T00:00:00Z,2050-01-01T00:00:00Z,120,OAK FOREST POINTE,5700 OAK FOREST DR,RALEIGH,NC,27616,-78.584587,35.861011,NA,NA,NA,NA,0,0,0,Elderly or disabled,NA,NA,NA,120,NA,NA,New Construction,NA,NA,NA,NA,27616
NA,NCA2014125,1065071,60577de9-e0fa-eb11-83c6-005056ba3ab9,Active,LIHTC,9% Tax Credit,2014-01-01T00:00:00Z,2044-01-01T00:00:00Z,81,SOUTHSIDE REVITALIZATION PHASE I,703 S ROXBORO ST,DURHAM,NC,27707,-78.902435,35.987442,SOUTHSIDE REVITALIZATION PHASE I LP,NA,NA,NA,75,52,5,Family,NA,NA,NA,132,NA,NA,New Construction,NA,NA,NA,NA,27707
NA,NCA2010020,1065431,03887def-e0fa-eb11-83c6-005056ba3ab9,Active,LIHTC,9% Tax Credit,2010-01-01T00:00:00Z,2040-01-01T00:00:00Z,48,AUTUMN SPRING,3601 ECK DR,RALEIGH,NC,27604,-78.578979,35.813961,AUTUMN SPRING HOUSING ASSOCIATES LLC,NA,NA,NA,24,24,0,Elderly or disabled,NA,NA,NA,48,NA,NA,New Construction,NA,NA,NA,NA,27604
NA,NCA2019052,1150896,07887def-e0fa-eb11-83c6-005056ba3ab9,Active,LIHTC,9% Tax Credit,2019-01-01T00:00:00Z,2049-01-01T00:00:00Z,96,QUARRY TRACE,3700 QUARRY TRACE DR,RALEIGH,NC,27610,-78.555702,35.745098,NA,NA,NA,NA,13,57,26,Family,NA,NA,NA,96,NA,NA,New Construction,NA,NA,NA,NA,27610
NA,NCA2003195,1063952,f0cb5772-c7ff-e611-8115-74d435edc0c2,Active,LIHTC,4% Tax Credit,2003-01-01T00:00:00Z,2033-01-01T00:00:00Z,120,THE GROVE AT CARY PARK,4545 CARY GLEN BLVD,CARY,NC,27519,-78.899169,35.820163,CG CARY LIMITED PARTNERSHIP,For Profit,NA,NA,20,60,40,Family,NA,NA,NA,120,NA,NA,New Construction,350712,NA,NA,NA,27519
NA,NCA2008060,1108821,2b81b26f-e268-e711-806a-005056ba3ab9,Active,LIHTC,4% Tax Credit,2008-01-01T00:00:00Z,2038-01-01T00:00:00Z,36,DRIFTWOOD,900 DRIFTWOOD CIR,CREEDMOOR,NC,27522,-78.694313,36.118213,DRIFTWOOD APTS LLC,NA,NA,NA,12,24,0,Mixed,NA,NA,NA,36,NA,NA,Acquisition and Rehab,NA,NA,NA,NA,27522
NA,NCA1994415,1063806,2973755a-c7ff-e611-8115-74d435edc0c2,Active,LIHTC,9% Tax Credit,1994-01-01T00:00:00Z,2024-01-01T00:00:00Z,60,LOVETT SQUARE,211 STOKES ST,DURHAM,NC,27701,-78.889808,35.985809,LOVETT SQUARE LIMITED PARTNERSHIP,For Profit,NA,NA,NA,48,12,Family,NA,NA,NA,60,NA,NA,New Construction,324544,NA,NA,NA,27701
NA,NCA1996505,1064884,46e3f4d1-c7ff-e611-8115-74d435edc0c2,Active,LIHTC,9% Tax Credit,1996-01-01T00:00:00Z,2026-01-01T00:00:00Z,152,GREENS OF PINE GLEN TOWNHOUSES I,6300 GREENS HOLLOW LN,DURHAM,NC,27713,-78.920234,35.90797,ATLANTIC DEVELOPMENT LLC,For Profit,NA,NA,NA,64,88,Family,NA,NA,NA,152,NA,NA,New Construction,742784,NA,NA,NA,27713
NA,NCA2008225,1112640,b3a0d60f-e268-e711-806a-005056ba3ab9,Active,LIHTC,4% Tax Credit,2008-01-01T00:00:00Z,2038-01-01T00:00:00Z,26,WINSTON PLACE,120 GLEN ST,FRANKLINTON,NC,27525,-78.453849,36.107021,WINSTON PLACE LLC,NA,NA,NA,5,21,0,Mixed,NA,NA,NA,26,NA,NA,Acquisition and Rehab,NA,NA,NA,NA,27525
NA,NCA1996410,1107232,0078093e-d868-e711-806a-005056ba3ab9,Active,LIHTC,9% Tax Credit,1996-01-01T00:00:00Z,2026-01-01T00:00:00Z,64,BRADFORD PLACE,200 LOWMAN CIR,FUQUAY VARINA,NC,27526,-78.802368,35.574218,BRADFORD PLACE OF FUQUAY VARINA LIMITED PARTNERSHIP,NA,NA,NA,0,40,24,Family,NA,NA,NA,64,NA,NA,New Construction,NA,NA,NA,NA,27526
NA,NCA2013894,1103848,c264c523-d668-e711-806a-005056ba3ab9,Active,LIHTC,9% Tax Credit,2013-01-01T00:00:00Z,2043-01-01T00:00:00Z,54,GLENBROOK MEADOWS,511 GLEN RD,GARNER,NC,27529,-78.567008,35.60696,JOHNSTON COUNTY MMR LIMITED PARTNERSHIP,NA,NA,NA,8,28,18,Family,NA,NA,NA,54,NA,NA,New Construction,NA,NA,NA,NA,27529
NA,NCA19959050,1063905,a0b5cabf-b0f0-e711-81d0-005056ba3ab9,Active,LIHTC,9% Tax Credit,1995-01-01T00:00:00Z,2025-01-01T00:00:00Z,22,CARMEL RIDGE,100 CARMEL RIDGE RD,HENDERSON,NC,27537,-78.340599,36.446498,CARMEL RIDGE LIMITED PARTNERSHIP,NA,NA,NA,0,0,22,Family,NA,NA,NA,22,NA,NA,New Construction,NA,NA,NA,NA,27537
NA,NCA2011568,1065007,cb70ecd7-c7ff-e611-8115-74d435edc0c2,Active,LIHTC,TCEP,2011-01-01T00:00:00Z,2041-01-01T00:00:00Z,40,VANCE COMMONS,1000 W YOUNG AVE,HENDERSON,NC,27536,-78.419883,36.330139,VANCE COMMONS LP,For Profit,NA,NA,20,20,NA,Elderly or disabled,NA,NA,NA,40,NA,NA,New Construction,NA,NA,NA,NA,27536
NA,NCA1995240,1063903,bc986f60-c7ff-e611-8115-74d435edc0c2,Active,LIHTC,9% Tax Credit,1995-01-01T00:00:00Z,2025-01-01T00:00:00Z,2,APPLE & PEACH HOUSING,135 APPLE ST,HENDERSON,NC,27536,-78.393386,36.339553,ROGERS GROUP INC,For Profit,NA,NA,NA,NA,2,NA,NA,NA,NA,2,NA,NA,New Construction,8313,NA,NA,NA,27536
NA,NCA1994160,1063736,87fb7c54-c7ff-e611-8115-74d435edc0c2,Active,LIHTC,9% Tax Credit,1994-01-01T00:00:00Z,2024-01-01T00:00:00Z,2,206 & 208 SWAIN STREET,206 SWAIN ST,HENDERSON,NC,27536,-78.391036,36.320682,ROGERS GROUP INC,For Profit,NA,NA,NA,2,NA,NA,NA,NA,NA,2,NA,NA,New Construction,6235,NA,NA,NA,27536
800062925,NCA1998065,1107073,95c2291a-d868-e711-806a-005056ba3ab9,Active,LIHTC,9% Tax Credit,1998-01-01T00:00:00Z,2028-01-01T00:00:00Z,60,FOXBOROUGH PINES,712 FOXBOROUGH LN,HENDERSON,NC,27536,-78.415603,36.333499,FOX'S POND COMPANY LIMITED PARTNERSHIP,NA,NA,NA,20,28,12,Family,NA,NA,NA,60,NA,NA,New Construction,NA,NA,NA,NA,27536
800012767,NCA2011007,1112407,f859a8f4-c6ff-e611-8115-74d435edc0c2,Active,LIHTC,4% Tax Credit,2011-01-01T00:00:00Z,2041-01-01T00:00:00Z,52,CEDARHURST,720 HIGHLAND AVE,HENDERSON,NC,27536,-78.393836,36.331134,CEDAR HURST APTS LLC,For Profit,NA,NA,NA,29,23,Family,NA,NA,NA,52,NA,NA,Acquisition and Rehab,111644,NA,NA,NA,27536
NA,NCA2012807,1065010,ff70ecd7-c7ff-e611-8115-74d435edc0c2,Active,LIHTC,9% Tax Credit,2012-01-01T00:00:00Z,2042-01-01T00:00:00Z,64,THE WOODS AT AVENT FERRY,108 COTTEN LN,HOLLY SPRINGS,NC,27540,-78.837875,35.645305,THE WOODS AT AVENT FERRY LLC,For Profit,NA,NA,43,21,NA,Elderly or disabled,NA,NA,NA,64,NA,NA,New Construction,847276,NA,NA,NA,27540
NA,NCA2008210,1124616,f1356d27-e2dc-ea11-8ab3-005056ba3ab9,Active,LIHTC,9% Tax Credit,2008-01-01T00:00:00Z,2038-01-01T00:00:00Z,96,WAKEFIELD MANOR,10710 NICKLEBY WAY,RALEIGH,NC,27614,-78.54618,35.941715,WAKEFIELD MANOR LLC,NA,NA,NA,78,18,0,Elderly or disabled,NA,NA,NA,96,NA,NA,New Construction,NA,NA,NA,NA,27614
NA,NCA1997305,1064179,f7ec6766-c7ff-e611-8115-74d435edc0c2,Active,LIHTC,9% Tax Credit,1997-01-01T00:00:00Z,2027-01-01T00:00:00Z,40,THE MAGNOLIAS,2151 GLASCOCK ST,RALEIGH,NC,27610,-78.610557,35.792888,THE MAGNOLIAS LLC,For Profit,NA,NA,38,2,NA,Elderly or disabled,NA,NA,NA,40,NA,NA,New Construction,191203,NA,NA,NA,27610
NA,NCA1995585,1063971,449a6f60-c7ff-e611-8115-74d435edc0c2,Active,LIHTC,9% Tax Credit,1995-01-01T00:00:00Z,2025-01-01T00:00:00Z,50,THE ARBORS,2611 PINE VILLAGE RD,RALEIGH,NC,27615,-78.594223,35.874835,THE ARBORS LIMITED PARTNERSHIP,For Profit,NA,NA,NA,40,10,Family,NA,NA,NA,50,NA,NA,New Construction,237165,NA,NA,NA,27615
NA,NCA2004080,1064864,dee2f4d1-c7ff-e611-8115-74d435edc0c2,Active,LIHTC,4% Tax Credit,2004-01-01T00:00:00Z,2034-01-01T00:00:00Z,32,GREGORY OAKS,280 SEAWELL AVE,RALEIGH,NC,27601,-78.627037,35.783294,GREGORY OAKS LIMITED PARTNERSHIP,For Profit,NA,NA,NA,32,NA,Mixed,NA,NA,NA,32,NA,NA,Acquisition and Rehab,162725,NA,NA,NA,27601
NA,NCA2015010,1065332,ec4b89d0-3cc8-e911-a021-005056ba3ab9,Active,LIHTC,9% Tax Credit,2015-01-01T00:00:00Z,2045-01-01T00:00:00Z,48,EMERSON GLEN,3010 EMERSON GLEN LN,RALEIGH,NC,27603,-78.683456,35.74337,CAMDEN GLEN LLC,NA,NA,NA,12,28,8,Family,NA,NA,NA,48,NA,NA,New Construction,NA,NA,NA,NA,27603
NA,NCA2008085,1106981,ec9c1c26-d868-e711-806a-005056ba3ab9,Active,LIHTC,4% Tax Credit,2008-01-01T00:00:00Z,2038-01-01T00:00:00Z,63,GLENBROOK CROSSING,336 DACIAN RD,RALEIGH,NC,27610,-78.603775,35.768859,DACIAN GLEN LLC,NA,NA,NA,14,46,3,Mixed,NA,NA,NA,63,NA,NA,Acquisition and Rehab,NA,NA,NA,NA,27610
NA,NCA2010045,1064847,8ee2f4d1-c7ff-e611-8115-74d435edc0c2,Active,LIHTC,9% Tax Credit,2010-01-01T00:00:00Z,2040-01-01T00:00:00Z,40,BROOKRIDGE,3930 DURHAM DR,RALEIGH,NC,27603,-78.645195,35.726577,BROOKRIDGE HOUSING LLC,For Profit,NA,NA,40,NA,40,Family,NA,NA,NA,40,NA,NA,New Construction,454273,NA,NA,NA,27603
NA,NCA1994180,1063740,ad71755a-c7ff-e611-8115-74d435edc0c2,Active,LIHTC,9% Tax Credit,1994-01-01T00:00:00Z,2024-01-01T00:00:00Z,1,617 CAROLINA AVE,617 CAROLINA AVE,RALEIGH,NC,27606,-78.716819,35.783355,B FALLON MELVIN JR & BETTY W MELVIN,For Profit,NA,NA,NA,1,NA,NA,NA,NA,NA,1,NA,NA,New Construction,4717,NA,NA,NA,27606
NA,NCA1994185,1063741,b571755a-c7ff-e611-8115-74d435edc0c2,Active,LIHTC,9% Tax Credit,1994-01-01T00:00:00Z,2024-01-01T00:00:00Z,1,619 CAROLINA AVE,619 CAROLINA AVE,RALEIGH,NC,27606,-78.716827,35.783321,THOMAS R CAROLE A DANA J DAVID A SHUTE,For Profit,NA,NA,NA,1,NA,NA,NA,NA,NA,1,NA,NA,New Construction,4717,NA,NA,NA,27606
NA,NCA1994190,1063742,bd71755a-c7ff-e611-8115-74d435edc0c2,Active,LIHTC,9% Tax Credit,1994-01-01T00:00:00Z,2024-01-01T00:00:00Z,1,621 CAROLINA AVE,621 CAROLINA AVE,RALEIGH,NC,27606,-78.716827,35.783309,LARRY D. JOHNSON & JOY M. JOHNSON,For Profit,NA,NA,NA,1,NA,NA,NA,NA,NA,1,NA,NA,New Construction,4717,NA,NA,NA,27606
NA,NCA2005210,1064051,48ce5772-c7ff-e611-8115-74d435edc0c2,Active,LIHTC,9% Tax Credit,2005-01-01T00:00:00Z,2035-01-01T00:00:00Z,39,WINDSOR SPRING CONGREGATE CARE FOR SENIORS,6219 HUNTER ST,RALEIGH,NC,27612,-78.681907,35.870861,WINDSOR SPRING HOUSING ASSOCIATES LLC,For Profit,NA,NA,26,13,NA,Elderly or disabled,NA,NA,NA,39,NA,NA,New Construction,243340,NA,NA,NA,27612
NA,NCA1995205,1063891,8c986f60-c7ff-e611-8115-74d435edc0c2,Active,LIHTC,9% Tax Credit,1995-01-01T00:00:00Z,2025-01-01T00:00:00Z,1,623 CAROLINA AVE,623 CAROLINA AVE,RALEIGH,NC,27606,-78.716827,35.783287,PAUL W CARR & CAROLE J CARR,For Profit,NA,NA,NA,1,NA,NA,NA,NA,NA,1,NA,NA,New Construction,4717,NA,NA,NA,27606
NA,NCA2013892,1109796,16d21dfb-d668-e711-806a-005056ba3ab9,Active,LIHTC,9% Tax Credit,2013-01-01T00:00:00Z,2043-01-01T00:00:00Z,48,ALEXANDER PLACE,233 ALEXANDER PLACE WAY,WENDELL,NC,27591,-78.37606,35.792026,ALEXANDER PLACE LIMITED PARTNERSHIP,NA,NA,NA,16,32,0,Family,NA,NA,NA,48,NA,NA,Acquisition and Rehab,NA,NA,NA,NA,27591
NA,NCA20171022,1102598,caffadeb-e1dc-ea11-8ab3-005056ba3ab9,Active,LIHTC,9% Tax Credit,2017-01-01T00:00:00Z,2047-01-01T00:00:00Z,83,PENNINGTON GROVE,1000 PENNINGTON GROVE WAY,GARNER,NC,27529,-78.613899,35.6986,PENNINGTON GROVE LLC,NA,NA,NA,65,18,0,Elderly or disabled,NA,NA,NA,83,NA,NA,New Construction,NA,NA,NA,NA,27529
NA,NCA20171030,1102019,f9356d27-e2dc-ea11-8ab3-005056ba3ab9,Active,LIHTC,9% Tax Credit,2017-01-01T00:00:00Z,2047-01-01T00:00:00Z,42,SYCAMORE RUN,1090 HOLLY VIEW LOOP,RALEIGH,NC,27610,-78.563163,35.762992,SP+D RALEIGH LLC,NA,NA,NA,8,21,13,Family,NA,NA,NA,42,NA,NA,New Construction,NA,NA,NA,NA,27610
NA,NCA1996435,1108114,659b0945-d968-e711-806a-005056ba3ab9,Active,LIHTC,9% Tax Credit,1996-01-01T00:00:00Z,2026-01-01T00:00:00Z,83,CAMBRIDGE VILLAGE,1332 FIDELITY DR,DURHAM,NC,27703,-78.869766,35.999519,VCP CAMBRIDGE VILLAGE LLC,NA,NA,NA,0,0,83,Family,NA,NA,NA,83,NA,NA,New Construction,NA,NA,NA,NA,27703
NA,NCA2009060,1064903,9ae3f4d1-c7ff-e611-8115-74d435edc0c2,Active,LIHTC,9% Tax Credit,2009-01-01T00:00:00Z,2039-01-01T00:00:00Z,32,MAPLEWOOD SQUARE,1520 CHAPEL HILL RD,DURHAM,NC,27701,-78.921737,35.994117,MAPLEWOOD PARTNERS LLC,For Profit,NA,NA,26,6,NA,Elderly or disabled,NA,NA,NA,32,NA,NA,New Construction,363338,NA,NA,NA,27701
800235777,NCA2007080,1064112,38455078-c7ff-e611-8115-74d435edc0c2,Active,LIHTC,4% Tax Credit,2007-01-01T00:00:00Z,2037-01-01T00:00:00Z,156,MAGNOLIA POINTE,4801 DANUBE LN,DURHAM,NC,27704,-78.889038,36.056484,FAIRFIELD MAGNOLIA POINTE LLC,For Profit,NA,NA,36,85,35,Family,NA,NA,NA,156,NA,NA,New Construction,696460,NA,NA,NA,27704
NA,NCA2002070,1063910,fbc95f6c-c7ff-e611-8115-74d435edc0c2,Active,LIHTC,4% Tax Credit,2002-01-01T00:00:00Z,2032-01-01T00:00:00Z,160,LAKESIDE GARDENS,820 MARTIN LUTHER KING JR PKWY,DURHAM,NC,27713,-78.91909,35.942771,LAKESIDE GARDENS LIMITED PARTNERSHIP,For Profit,NA,NA,128,32,NA,Elderly or disabled,NA,NA,NA,160,NA,NA,New Construction,304436,NA,NA,NA,27713
NA,NCA2003045,1063938,3ccb5772-c7ff-e611-8115-74d435edc0c2,Active,LIHTC,9% Tax Credit,2003-01-01T00:00:00Z,2033-01-01T00:00:00Z,17,COURTYARD COMMONS,330 W JONES ST,FUQUAY VARINA,NC,27526,-78.804595,35.587493,IPI COURTYARD COMMONS LP,For Profit,NA,NA,17,NA,NA,Elderly or disabled,NA,NA,NA,17,NA,NA,Acquisition and Rehab,123492,NA,NA,NA,27526
NA,NCA2014150,1065693,4f42be98-d968-e711-806a-005056ba3ab9,Active,LIHTC,9% Tax Credit,2014-01-01T00:00:00Z,2044-01-01T00:00:00Z,48,TIMBER SPRING,125 TIMBER DR E,GARNER,NC,27529,-78.600097,35.68629,TIMBER SPRING HOUSING ASSOCIATES LLC,NA,NA,NA,24,24,NA,Elderly or disabled,NA,NA,NA,48,NA,NA,New Construction,NA,NA,NA,NA,27529
NA,NCA0000066,1108447,14aa2e21-d968-e711-806a-005056ba3ab9,Active,LIHTC,NA,2013-01-01T00:00:00Z,2043-01-01T00:00:00Z,NA,BROOKSIDE LANDING,431 JOHNSON ST,GARNER,NC,27529,-78.611907,35.719562,NA,NA,NA,NA,NA,NA,NA,NA,NA,NA,NA,54,NA,NA,NA,NA,NA,NA,NA,27529
NA,NCA1994200,1063744,cd71755a-c7ff-e611-8115-74d435edc0c2,Active,LIHTC,9% Tax Credit,1994-01-01T00:00:00Z,2024-01-01T00:00:00Z,2,697 & 699 BECK AVENUE,697 BECK AVE,HENDERSON,NC,27536,-78.40554,36.334484,ROGERS GROUP INC,For Profit,NA,NA,NA,2,NA,NA,NA,NA,NA,2,NA,NA,New Construction,6493,NA,NA,NA,27536
NA,NCA2013011,1065321,684b89d0-3cc8-e911-a021-005056ba3ab9,Active,LIHTC,9% Tax Credit,2013-01-01T00:00:00Z,2043-01-01T00:00:00Z,60,LAUREL CROSSING,918 MALABYS CHURCH DR,KNIGHTDALE,NC,27545,-78.488243,35.80064,LAUREL CROSSING APTS LP,NA,NA,NA,12,36,12,Family,NA,NA,NA,60,NA,NA,New Construction,NA,NA,NA,NA,27545
NA,NCA1991455,1121398,50e4834e-c7ff-e611-8115-74d435edc0c2,Inconclusive,LIHTC,4% Tax Credit,1991-01-01T00:00:00Z,2021-01-01T00:00:00Z,40,THE WILLOWS,104 COVENTRY DR,OXFORD,NC,27565,-78.597183,36.295097,THE WILLOWS NC LIMITED PARTNERSHIP,For Profit,NA,NA,38,2,NA,Elderly or disabled,NA,NA,NA,40,NA,End Date Passed,New Construction,64374,NA,NA,NA,27565
NA,NCA2017016,1021555,cc4b89d0-3cc8-e911-a021-005056ba3ab9,Active,LIHTC,9% Tax Credit,2017-01-01T00:00:00Z,2047-01-01T00:00:00Z,64,JAKES RIDGE,800 MITTENZWEI LN,OXFORD,NC,27565,-78.595199,36.290699,JAKES RIDGE LLC,NA,NA,NA,0,40,24,Family,NA,NA,NA,64,NA,NA,New Construction,NA,NA,NA,NA,27565
800218558,NCA2004190,1063992,04cd5772-c7ff-e611-8115-74d435edc0c2,Active,LIHTC,4% Tax Credit,2004-01-01T00:00:00Z,2034-01-01T00:00:00Z,96,THE MEADOWS AT BRIER CREEK,11700 ARNOLD PALMER DR,RALEIGH,NC,27617,-78.805206,35.903648,MEADOWS AT BRIER CREEK LLC,For Profit,NA,NA,52,44,NA,Elderly or disabled,NA,NA,NA,96,NA,NA,New Construction,247455,NA,NA,NA,27617
NA,NCA2000190,1064530,308526a8-c7ff-e611-8115-74d435edc0c2,Active,LIHTC,9% Tax Credit,2000-01-01T00:00:00Z,2030-01-01T00:00:00Z,48,PINE HILLS,1650 ROYAL PINES DR,RALEIGH,NC,27611,-78.612663,35.767108,ROYAL PINES HOLDINGS LLC,For Profit,NA,NA,48,NA,NA,Elderly or disabled,NA,NA,NA,48,NA,NA,New Construction,293448,NA,NA,NA,27611
NA,NCA1994150,1063734,77fb7c54-c7ff-e611-8115-74d435edc0c2,Active,LIHTC,9% Tax Credit,1994-01-01T00:00:00Z,2024-01-01T00:00:00Z,1,1921 TISCHER RD,1921 TISCHER RD,RALEIGH,NC,27603,-78.674034,35.744838,KENNETH G & PRISCILLA I LLOYD,For Profit,NA,NA,NA,1,NA,NA,NA,NA,NA,1,NA,NA,New Construction,4076,NA,NA,NA,27603
NA,NCA1993025,1063629,27f97c54-c7ff-e611-8115-74d435edc0c2,Inconclusive,LIHTC,9% Tax Credit,1993-01-01T00:00:00Z,2023-01-01T00:00:00Z,1,1924 TISCHER RD,1924 TISCHER RD,RALEIGH,NC,27603,-78.673591,35.746334,TED R WATSON & SHELLEY A WATSON,For Profit,NA,NA,NA,1,NA,NA,NA,NA,NA,1,NA,End Date Passed,New Construction,4076,NA,NA,NA,27603
NA,NCA1993040,1063635,3ff97c54-c7ff-e611-8115-74d435edc0c2,Inconclusive,LIHTC,9% Tax Credit,1993-01-01T00:00:00Z,2023-01-01T00:00:00Z,1,1929 TISCHER RD,1929 TISCHER RD,RALEIGH,NC,27603,-78.673995,35.746341,THOMAS KEITH MARION,For Profit,NA,NA,NA,1,NA,NA,NA,NA,NA,1,NA,End Date Passed,New Construction,4076,NA,NA,NA,27603
NA,NCA1995225,1063899,ac986f60-c7ff-e611-8115-74d435edc0c2,Active,LIHTC,9% Tax Credit,1995-01-01T00:00:00Z,2025-01-01T00:00:00Z,1,8107 FARMLEA CIR,8107 FARMLEA CIR,RALEIGH,NC,27616,-78.558189,35.883155,DOUGLAS G GUNTER & DIANE S GUNTER,For Profit,NA,NA,NA,NA,1,NA,NA,NA,NA,1,NA,NA,New Construction,5453,NA,NA,NA,27616
NA,NCA1995230,1063901,b4986f60-c7ff-e611-8115-74d435edc0c2,Active,LIHTC,9% Tax Credit,1995-01-01T00:00:00Z,2025-01-01T00:00:00Z,1,8109 FARMLEA CIR,8109 FARMLEA CIR,RALEIGH,NC,27616,-78.558738,35.88348,"ROBERT M. LEE, SR. AND LINDA W. LEE",For Profit,NA,NA,NA,NA,1,NA,NA,NA,NA,1,NA,NA,New Construction,5453,NA,NA,NA,27616
NA,NCA1994240,1063752,0d72755a-c7ff-e611-8115-74d435edc0c2,Active,LIHTC,9% Tax Credit,1994-01-01T00:00:00Z,2024-01-01T00:00:00Z,1,8261 MERRIWEATHER CIR,8261 MERRIWEATHER CIR,RALEIGH,NC,27616,-78.558067,35.885433,LARRY R GOODE ELLEN B GOODE,For Profit,NA,NA,NA,1,NA,NA,NA,NA,NA,1,NA,NA,New Construction,4439,NA,NA,NA,27616
NA,NCA1994270,1063756,4d72755a-c7ff-e611-8115-74d435edc0c2,Active,LIHTC,9% Tax Credit,1994-01-01T00:00:00Z,2024-01-01T00:00:00Z,1,BERKSHIRE DOWNS II,8265 MERRIWEATHER CIR,RALEIGH,NC,27616,-78.557846,35.885433,CHARLIE O. UKWU,For Profit,NA,NA,NA,1,NA,NA,NA,NA,NA,1,NA,NA,New Construction,4439,NA,NA,NA,27616
NA,NCA1993320,1122214,4604aa93-e268-e711-806a-005056ba3ab9,Inconclusive,LIHTC,4% Tax Credit,1993-01-01T00:00:00Z,2023-01-01T00:00:00Z,24,RICHLAND,521 N MAIN ST,RICH SQUARE,NC,27869,-77.279006,36.282489,RICHLAND NC LIMITED PARTNERSHIP,NA,NA,NA,22,2,0,Elderly or disabled,NA,NA,NA,24,NA,End Date Passed,New Construction,NA,NA,NA,NA,27869
NA,NCA2016053,1102024,b509320a-4090-e811-b0ec-005056ba3ab9,Active,LIHTC,9% Tax Credit,2016-01-01T00:00:00Z,2046-01-01T00:00:00Z,74,THE GRANDE AT GRANITE FALLS,400 GRAND ROCK WAY,ROLESVILLE,NC,27571,-78.46936,35.920349,THE GRANDE AT GRANITE FALLS LLC,NA,NA,NA,27,47,1,Elderly or disabled,NA,NA,NA,74,NA,NA,New Construction,NA,NA,NA,NA,27571
NA,NCA2021027,1172828,c854e9ca-792d-ed11-8b14-005056ba3ab9,Active,LIHTC,9% Tax Credit,2021-01-01T00:00:00Z,2051-01-01T00:00:00Z,69,PENNINGTON GROVE II,180 SOUTHERBY BLUFFS COURT,GARNER,NC,27529,-78.596199,35.6679,NA,NA,NA,NA,60,9,0,Elderly or disabled,NA,NA,NA,69,NA,NA,New Construction,NA,NA,NA,NA,27529
NA,NCA2022005,1172841,1c55e9ca-792d-ed11-8b14-005056ba3ab9,Active,LIHTC,4% Tax Credit,2022-01-01T00:00:00Z,2052-01-01T00:00:00Z,216,THE SUSSEX,113 N ROGERS LANE,RALEIGH,NC,27610,-78.555702,35.745098,NA,NA,NA,NA,0,0,0,Family,NA,NA,NA,216,NA,NA,New Construction,NA,NA,NA,NA,27610
NA,NCA2012806,1172845,3455e9ca-792d-ed11-8b14-005056ba3ab9,Active,LIHTC,9% Tax Credit,2012-01-01T00:00:00Z,2042-01-01T00:00:00Z,60,WATER GARDEN VILLAGE,8441 MOUNT VALLEY LN,RALEIGH,NC,27613,-78.736801,35.883182,WATER GARDEN VILLAGE LLC,NA,NA,NA,12,42,6,Family,NA,NA,NA,60,NA,NA,New Construction,NA,NA,NA,NA,27613
NA,NCA2002195,1063900,729bb8b2-7c2d-ed11-8b14-005056ba3ab9,Active,LIHTC,4% Tax Credit,2002-01-01T00:00:00Z,2032-01-01T00:00:00Z,173,FALLS POINTE AT THE PARK,5400 S ALSTON AVE,DURHAM,NC,27713,-78.885673,35.885723,FAIRFIELD FALLS POINTE LLC,NA,NA,NA,96,132,84,Family,NA,NA,NA,312,NA,NA,New Construction,NA,NA,NA,NA,27713
800250582,NCA2022002,1064563,769bb8b2-7c2d-ed11-8b14-005056ba3ab9,Active,LIHTC,4% Tax Credit,2022-01-01T00:00:00Z,2052-01-01T00:00:00Z,177,JJ HENDERSON,807 S DUKE ST,DURHAM,NC,27701,-78.908699,35.99097,NA,NA,NA,NA,178,0,0,Elderly or disabled,NA,NA,NA,178,NA,NA,Acquisition and Rehab,NA,NA,NA,NA,27701
NA,NCA0000X249,1161663,ded7a2d0-7c2d-ed11-8b14-005056ba3ab9,Active,LIHTC,4% Tax Credit,2020-01-01T00:00:00Z,2050-01-01T00:00:00Z,96,SUMNER POINTE II,3900 SUMNER BLVD,RALEIGH,NC,27616,-78.573577,35.863243,NA,NA,NA,NA,0,0,0,Elderly or disabled,NA,NA,NA,96,NA,NA,New Construction,NA,NA,NA,NA,27616
NA,NCA0000X252,1161663,e2d7a2d0-7c2d-ed11-8b14-005056ba3ab9,Active,LIHTC,4% Tax Credit,2020-01-01T00:00:00Z,2050-01-01T00:00:00Z,120,THE POINTE AT TOWN CENTER II,3900 SUMNER BLVD,RALEIGH,NC,27616,-78.573577,35.863243,NA,NA,NA,NA,0,0,0,Family,NA,NA,NA,120,NA,NA,New Construction,NA,NA,NA,NA,27616
800246345,NCA2005230,1064572,32a2dc03-e268-e711-806a-005056ba3ab9,Active,LIHTC,9% Tax Credit,2005-01-01T00:00:00Z,2035-01-01T00:00:00Z,25,MORNING GLORY SENIOR VILLAGE,203 N ALSTON AVE,DURHAM,NC,27701,-78.88739,35.988643,TCB-DVI MORNING GLORY LLC,NA,NA,NA,21,4,0,Elderly or disabled,NA,NA,NA,25,NA,NA,New Construction,NA,NA,NA,NA,27701
NA,NCA20049030,1063980,24eabbe3-b0f0-e711-81d0-005056ba3ab9,Active,LIHTC,9% Tax Credit,2004-01-01T00:00:00Z,2034-01-01T00:00:00Z,25,PARKSIDE COMMONS,107 E BLUE RIDGE RD,EAST FLAT ROCK,NC,27607,-82.421241,35.280979,PARKSIDE COMMONS LIMITED PARTNERSHIP,NA,NA,NA,21,4,0,Elderly or disabled,NA,NA,NA,25,NA,NA,Acquisition and Rehab,NA,NA,NA,NA,27607
NA,NCA2012025,1065697,a2d1c4f5-c7ff-e611-8115-74d435edc0c2,Active,LIHTC,9% Tax Credit,2012-01-01T00:00:00Z,2042-01-01T00:00:00Z,48,BOWMAN MANOR,539 GLEN RD,GARNER,NC,27529,-78.566864,35.606525,GARNER MMR LIMITED PARTNERSHIP,For Profit,NA,NA,12,36,NA,Elderly or disabled,NA,NA,NA,48,NA,NA,New Construction,672858,NA,NA,NA,27529
NA,NCA2003210,1064960,8f6fecd7-c7ff-e611-8115-74d435edc0c2,Active,LIHTC,4% and 9% Tax Credit,2003-01-01T00:00:00Z,2033-01-01T00:00:00Z,31,VANCE SENIOR HOUSING,125 WYCHE ST,HENDERSON,NC,27536,-78.403381,36.327461,WEST END SENIOR SCHOOL LLC,For Profit,NA,NA,27,4,NA,Elderly or disabled,NA,NA,NA,31,NA,NA,Acquisition and Rehab,236458,NA,NA,NA,27536
NA,NCA1991285,1114756,7703e2fd-e168-e711-806a-005056ba3ab9,Inconclusive,LIHTC,4% Tax Credit,1991-01-01T00:00:00Z,2021-01-01T00:00:00Z,14,LONG CREEK COURT,1001 LONG CREEK COURT,KITTRELL,NC,27544,-78.420196,36.235698,FORMOSA PROPERTIES LLC,NA,NA,NA,0,0,14,Family,NA,NA,NA,14,NA,End Date Passed,Acquisition and Rehab,NA,NA,NA,NA,27544
NA,NCA1994255,1063755,2572755a-c7ff-e611-8115-74d435edc0c2,Active,LIHTC,9% Tax Credit,1994-01-01T00:00:00Z,2024-01-01T00:00:00Z,2,936A & 936B SOUTH MAIN STREET,936 S MAIN ST,LOUISBURG,NC,27549,-78.308128,36.089031,ROGERS GROUP INC,For Profit,NA,NA,NA,NA,2,NA,NA,NA,NA,2,NA,NA,New Construction,9288,NA,NA,NA,27549
NA,NCA20069012,1064061,7692c2c5-b0f0-e711-81d0-005056ba3ab9,Active,LIHTC,9% Tax Credit,2006-01-01T00:00:00Z,2036-01-01T00:00:00Z,64,CARLTON PLACE,450 E DAVIE ST,RALEIGH,NC,27601,-78.632972,35.775203,CARLTON PLACE DEVELOPMENT LLC,NA,NA,NA,36,34,10,Mixed,NA,NA,NA,80,NA,NA,New Construction,NA,NA,NA,NA,27601
800012833,NCA2011037,1111836,244c89d0-3cc8-e911-a021-005056ba3ab9,Active,LIHTC,4% Tax Credit,2011-01-01T00:00:00Z,2041-01-01T00:00:00Z,40,FAIR MEADOWS,100 NC HIGHWAY 125,ROANOKE RAPIDS,NC,27870,-77.650978,36.430622,FAIR MEADOWS APTS LLC,NA,NA,NA,40,0,0,Elderly or disabled,NA,NA,NA,40,NA,NA,Acquisition and Rehab,NA,NA,NA,NA,27870
800012833,NCA20114012,1111836,8292c2c5-b0f0-e711-81d0-005056ba3ab9,Active,LIHTC,4% Tax Credit,2011-01-01T00:00:00Z,2041-01-01T00:00:00Z,72,FAIRFIELD,100 NC HIGHWAY 125,ROANOKE RAPIDS,NC,27870,-77.650978,36.430622,FAIRFIELD FAMILY APTS LLC,NA,NA,NA,24,48,0,Family,NA,NA,NA,72,NA,NA,Acquisition and Rehab,NA,NA,NA,NA,27870
800242103,NCA2017035,1004677,f668aeac-3cc8-e911-a021-005056ba3ab9,Active,LIHTC,9% Tax Credit,2017-01-01T00:00:00Z,2047-01-01T00:00:00Z,79,VERANDA AT WHITTED SCHOOL,200 E UMSTEAD ST,DURHAM,NC,27707,-78.902687,35.98257,WHITTED RESIDENTIAL CONDO LLC,NA,NA,NA,69,10,3,Elderly or disabled,NA,NA,NA,79,NA,NA,Acquisition and Rehab,NA,NA,NA,NA,27707
NA,NCA2011010,1065024,284c89d0-3cc8-e911-a021-005056ba3ab9,Active,LIHTC,9% Tax Credit,2011-01-01T00:00:00Z,2041-01-01T00:00:00Z,50,CHAPEL RIDGE,301 JESSLYN DR,ROANOKE RAPIDS,NC,27870,-77.657447,36.433219,CHAPEL RIDGE APTS LLC,NA,NA,NA,0,32,18,Family,NA,NA,NA,50,NA,NA,New Construction,NA,NA,NA,NA,27870
NA,NCA2006210,1064088,135eb45d-e268-e711-806a-005056ba3ab9,Active,LIHTC,9% Tax Credit,2006-01-01T00:00:00Z,2036-01-01T00:00:00Z,45,VILLAGE OF NEW HOPE,4321 GRANDIFLORA LN,RALEIGH,NC,27604,-78.56385,35.804676,NEW HOPE VILLAGE ASSOCIATES LLC,NA,NA,NA,0,28,17,Mixed,NA,NA,NA,45,NA,NA,New Construction,NA,NA,NA,NA,27604
800216050,NCA2003125,1107431,601099b5-d868-e711-806a-005056ba3ab9,Active,LIHTC,4% Tax Credit,2003-01-01T00:00:00Z,2033-01-01T00:00:00Z,160,OVERLOOKE AT SIMMS CREEK,4730 ARCHEAN WAY,RALEIGH,NC,27616,-78.560874,35.883407,LCA OVERLOOKE AT SIMMS CREEK LP,NA,NA,NA,60,80,28,Family,NA,NA,NA,168,NA,NA,New Construction,NA,NA,NA,NA,27616
800013137,NCA2011579,1105038,15445aad-d668-e711-806a-005056ba3ab9,Active,LIHTC,9% Tax Credit,2011-01-01T00:00:00Z,2041-01-01T00:00:00Z,125,RALEIGH GARDENS,6145 A ST GILES RD,RALEIGH,NC,27612,-78.706352,35.854141,ASHTON RALEIGH LP,NA,NA,NA,30,47,49,Family,NA,NA,NA,126,NA,NA,Acquisition and Rehab,NA,NA,NA,NA,27612
NA,NCA2005085,1107383,53d3a0af-d868-e711-806a-005056ba3ab9,Active,LIHTC,4% Tax Credit,2005-01-01T00:00:00Z,2035-01-01T00:00:00Z,84,GATEWAY PARK,710 GATEWAY PARK DR,RALEIGH,NC,27601,-78.64759,35.769615,NRP GATEWAY PARK LP,NA,NA,NA,20,44,20,Mixed,NA,NA,NA,84,NA,NA,New Construction,NA,NA,NA,NA,27601
NA,NCA2013015,1065336,22d2c4f5-c7ff-e611-8115-74d435edc0c2,Active,LIHTC,9% Tax Credit,2013-01-01T00:00:00Z,2043-01-01T00:00:00Z,42,POYNER SPRING,8150 TOWN DR,RALEIGH,NC,27616,-78.560928,35.869579,POYNER SPRING HOUSING ASSOCIATES LLC,For Profit,NA,NA,21,21,NA,Elderly or disabled,NA,NA,NA,42,NA,NA,New Construction,441205,NA,NA,NA,27616
NA,NCA1995455,1108068,b7221939-d968-e711-806a-005056ba3ab9,Active,LIHTC,9% Tax Credit,1995-01-01T00:00:00Z,2025-01-01T00:00:00Z,20,MOREHEAD GLEN,1112 ROCK ST,DURHAM,NC,27707,-78.917053,35.990509,MOREHEAD GLEN LIMITED PARTNERSHIP,NA,NA,NA,0,11,9,Family,NA,NA,NA,20,NA,NA,New Construction,NA,NA,NA,NA,27707
800246343,NCA2008080,1108104,7d5f113f-d968-e711-806a-005056ba3ab9,Active,LIHTC,9% Tax Credit,2008-01-01T00:00:00Z,2038-01-01T00:00:00Z,74,FRANKLIN VILLAGE,124 N HOLMAN ST,DURHAM,NC,27703,-78.885948,35.987785,TCB-DVI HOLMAN HOMES LLC,NA,NA,NA,0,37,46,Mixed,NA,NA,NA,83,NA,NA,New Construction,NA,NA,NA,NA,27703
800246344,NCA2004115,1064571,3aa2dc03-e268-e711-806a-005056ba3ab9,Active,LIHTC,9% Tax Credit,2004-01-01T00:00:00Z,2034-01-01T00:00:00Z,43,MAIN STREET TOWNHOMES,600 E MAIN ST,DURHAM,NC,27701,-78.893867,35.990924,TCB-DVI MAIN STREET TOWNHOMES LLC,NA,NA,NA,7,18,18,Family,NA,NA,NA,43,NA,NA,New Construction,NA,NA,NA,NA,27701
NA,NCA2011060,1064860,cee2f4d1-c7ff-e611-8115-74d435edc0c2,Active,LIHTC,9% Tax Credit,2011-01-01T00:00:00Z,2041-01-01T00:00:00Z,80,HIGHLAND TERRACE,1500 HIGHLAND VILLAGE DR,CARY,NC,27511,-78.795684,35.784381,HIGHLAND TERRACE LLC,For Profit,NA,NA,59,21,NA,Elderly or disabled,NA,NA,NA,80,NA,NA,New Construction,NA,NA,NA,NA,27511
800246342,NCA2005037,1064031,f8ded409-e268-e711-806a-005056ba3ab9,Active,LIHTC,9% Tax Credit,2005-01-01T00:00:00Z,2035-01-01T00:00:00Z,75,CALVERT PLACE,930 E MAIN ST,DURHAM,NC,27701,-78.890853,35.989189,TCB-DVI CALVERT PLACE LLC,NA,NA,NA,5,47,23,Mixed,NA,NA,NA,75,NA,NA,New Construction,NA,NA,NA,NA,27701
NA,NCA2008135,1111204,e700d021-e268-e711-806a-005056ba3ab9,Active,LIHTC,4% Tax Credit,2008-01-01T00:00:00Z,2038-01-01T00:00:00Z,40,PINE RIDGE I,1530 PINE RIDGE DR,ROXBORO,NC,27573,-78.972137,36.423511,PINE RIDGE I LLC,NA,NA,NA,12,24,4,Mixed,NA,NA,NA,40,NA,NA,Acquisition and Rehab,NA,NA,NA,NA,27573
NA,NCA2008140,1064286,d0923b96-c7ff-e611-8115-74d435edc0c2,Active,LIHTC,4% Tax Credit,2008-01-01T00:00:00Z,2038-01-01T00:00:00Z,32,PINE RIDGE II,1530 PINE RIDGE DR,ROXBORO,NC,27573,-78.972137,36.423511,PINE RIDGE II LLC,For Profit,NA,NA,8,24,NA,Mixed,NA,NA,NA,32,NA,NA,Acquisition and Rehab,82404,NA,NA,NA,27573
NA,NCA2008125,1108134,e59b0945-d968-e711-806a-005056ba3ab9,Active,LIHTC,4% Tax Credit,2008-01-01T00:00:00Z,2038-01-01T00:00:00Z,32,OAKS II,1574 RED OAK DR,ROXBORO,NC,27573,-78.97509,36.425216,OAKS II LLC,NA,NA,NA,28,4,0,Elderly or disabled,NA,NA,NA,32,NA,NA,Acquisition and Rehab,NA,NA,NA,NA,27573
NA,NCA2008120,1108138,f59b0945-d968-e711-806a-005056ba3ab9,Active,LIHTC,4% Tax Credit,2008-01-01T00:00:00Z,2038-01-01T00:00:00Z,52,OAKS I,1574 RED OAK DR,ROXBORO,NC,27573,-78.97509,36.425216,OAKS I LLC,NA,NA,NA,44,8,0,Elderly or disabled,NA,NA,NA,52,NA,NA,Acquisition and Rehab,NA,NA,NA,NA,27573
NA,NCA2009035,1064307,34933b96-c7ff-e611-8115-74d435edc0c2,Active,LIHTC,9% Tax Credit,2009-01-01T00:00:00Z,2039-01-01T00:00:00Z,40,GARDEN PARK VILLAS,100 GARDEN PARK DR,OXFORD,NC,27565,-78.57711,36.317291,GARDEN PARK VILLAS LLC,For Profit,NA,NA,28,12,NA,Elderly or disabled,NA,NA,NA,40,NA,NA,New Construction,403343,NA,NA,NA,27565
NA,NCA1995490,1106539,9a407cc6-d768-e711-806a-005056ba3ab9,Active,LIHTC,9% Tax Credit,1995-01-01T00:00:00Z,2025-01-01T00:00:00Z,100,ORCHARD POINTE,2021 ORCHARD HOLLOW LN,RALEIGH,NC,27603,-78.681945,35.752052,ORCHARD POINTE LIMITED PARTNERSHIP,NA,NA,NA,0,40,60,Family,NA,NA,NA,100,NA,NA,New Construction,NA,NA,NA,NA,27603
NA,NCA1996565,1108317,e3b2f15c-d968-e711-806a-005056ba3ab9,Active,LIHTC,9% Tax Credit,1996-01-01T00:00:00Z,2026-01-01T00:00:00Z,48,RIPLEY STATION,3030 RIPLEY STATION WAY,RALEIGH,NC,27610,-78.580291,35.784442,RIPLEY STATION LIMITED PARTNERSHIP,NA,NA,NA,0,36,12,Family,NA,NA,NA,48,NA,NA,New Construction,NA,NA,NA,NA,27610
NA,NCA2013016,1065338,2ad2c4f5-c7ff-e611-8115-74d435edc0c2,Active,LIHTC,9% Tax Credit,2013-01-01T00:00:00Z,2043-01-01T00:00:00Z,40,RIVER TOWNE MANOR,200 W BECKER DR,ROANOKE RAPIDS,NC,27870,-77.643966,36.443111,RIVER TOWNE MANOR LIMITED PARTNERSHIP,For Profit,NA,NA,24,16,NA,Elderly or disabled,NA,NA,NA,40,NA,NA,New Construction,368011,NA,NA,NA,27870
